INSERT INTO pokemon (id, name_en, height, weight) VALUES
  (1, 'bulbasaur', 0.7, 6.9),
  (2, 'ivysaur', 1.0, 13.0),
  (3, 'venusaur', 2.0, 100.0),
  (4, 'charmander', 0.6, 8.5),
  (5, 'charmeleon', 1.1, 19.0),
  (6, 'charizard', 1.7, 90.5),
  (7, 'squirtle', 0.5, 9.0),
  (8, 'wartortle', 1.0, 22.5),
  (9, 'blastoise', 1.6, 85.5),
  (10, 'caterpie', 0.3, 2.9),
  (11, 'metapod', 0.7, 9.9),
  (12, 'butterfree', 1.1, 32.0),
  (13, 'weedle', 0.3, 3.2),
  (14, 'kakuna', 0.6, 10.0),
  (15, 'beedrill', 1.0, 29.5),
  (16, 'pidgey', 0.3, 1.8),
  (17, 'pidgeotto', 1.1, 30.0),
  (18, 'pidgeot', 1.5, 39.5),
  (19, 'rattata', 0.3, 3.5),
  (20, 'raticate', 0.7, 18.5),
  (21, 'spearow', 0.3, 2.0),
  (22, 'fearow', 1.2, 38.0),
  (23, 'ekans', 2.0, 6.9),
  (24, 'arbok', 3.5, 65.0),
  (25, 'pikachu', 0.4, 6.0),
  (26, 'raichu', 0.8, 30.0),
  (27, 'sandshrew', 0.6, 12.0),
  (28, 'sandslash', 1.0, 29.5),
  (29, 'nidoran-f', 0.4, 7.0),
  (30, 'nidorina', 0.8, 20.0),
  (31, 'nidoqueen', 1.3, 60.0),
  (32, 'nidoran-m', 0.5, 9.0),
  (33, 'nidorino', 0.9, 19.5),
  (34, 'nidoking', 1.4, 62.0),
  (35, 'clefairy', 0.6, 7.5),
  (36, 'clefable', 1.3, 40.0),
  (37, 'vulpix', 0.6, 9.9),
  (38, 'ninetales', 1.1, 19.9),
  (39, 'jigglypuff', 0.5, 5.5),
  (40, 'wigglytuff', 1.0, 12.0),
  (41, 'zubat', 0.8, 7.5),
  (42, 'golbat', 1.6, 55.0),
  (43, 'oddish', 0.5, 5.4),
  (44, 'gloom', 0.8, 8.6),
  (45, 'vileplume', 1.2, 18.6),
  (46, 'paras', 0.3, 5.4),
  (47, 'parasect', 1.0, 29.5),
  (48, 'venonat', 1.0, 30.0),
  (49, 'venomoth', 1.5, 12.5),
  (50, 'diglett', 0.2, 0.8),
  (51, 'dugtrio', 0.7, 33.3),
  (52, 'meowth', 0.4, 4.2),
  (53, 'persian', 1.0, 32.0),
  (54, 'psyduck', 0.8, 19.6),
  (55, 'golduck', 1.7, 76.6),
  (56, 'mankey', 0.5, 28.0),
  (57, 'primeape', 1.0, 32.0),
  (58, 'growlithe', 0.7, 19.0),
  (59, 'arcanine', 1.9, 155.0),
  (60, 'poliwag', 0.6, 12.4),
  (61, 'poliwhirl', 1.0, 20.0),
  (62, 'poliwrath', 1.3, 54.0),
  (63, 'abra', 0.9, 19.5),
  (64, 'kadabra', 1.3, 56.5),
  (65, 'alakazam', 1.5, 48.0),
  (66, 'machop', 0.8, 19.5),
  (67, 'machoke', 1.5, 70.5),
  (68, 'machamp', 1.6, 130.0),
  (69, 'bellsprout', 0.7, 4.0),
  (70, 'weepinbell', 1.0, 6.4),
  (71, 'victreebel', 1.7, 15.5),
  (72, 'tentacool', 0.9, 45.5),
  (73, 'tentacruel', 1.6, 55.0),
  (74, 'geodude', 0.4, 20.0),
  (75, 'graveler', 1.0, 105.0),
  (76, 'golem', 1.4, 300.0),
  (77, 'ponyta', 1.0, 30.0),
  (78, 'rapidash', 1.7, 95.0),
  (79, 'slowpoke', 1.2, 36.0),
  (80, 'slowbro', 1.6, 78.5),
  (81, 'magnemite', 0.3, 6.0),
  (82, 'magneton', 1.0, 60.0),
  (83, 'farfetchd', 0.8, 15.0),
  (84, 'doduo', 1.4, 39.2),
  (85, 'dodrio', 1.8, 85.2),
  (86, 'seel', 1.1, 90.0),
  (87, 'dewgong', 1.7, 120.0),
  (88, 'grimer', 0.9, 30.0),
  (89, 'muk', 1.2, 30.0),
  (90, 'shellder', 0.3, 4.0),
  (91, 'cloyster', 1.5, 132.5),
  (92, 'gastly', 1.3, 0.1),
  (93, 'haunter', 1.6, 0.1),
  (94, 'gengar', 1.5, 40.5),
  (95, 'onix', 8.8, 210.0),
  (96, 'drowzee', 1.0, 32.4),
  (97, 'hypno', 1.6, 75.6),
  (98, 'krabby', 0.4, 6.5),
  (99, 'kingler', 1.3, 60.0),
  (100, 'voltorb', 0.5, 10.4),
  (101, 'electrode', 1.2, 66.6),
  (102, 'exeggcute', 0.4, 2.5),
  (103, 'exeggutor', 2.0, 120.0),
  (104, 'cubone', 0.4, 6.5),
  (105, 'marowak', 1.0, 45.0),
  (106, 'hitmonlee', 1.5, 49.8),
  (107, 'hitmonchan', 1.4, 50.2),
  (108, 'lickitung', 1.2, 65.5),
  (109, 'koffing', 0.6, 1.0),
  (110, 'weezing', 1.2, 9.5),
  (111, 'rhyhorn', 1.0, 115.0),
  (112, 'rhydon', 1.9, 120.0),
  (113, 'chansey', 1.1, 34.6),
  (114, 'tangela', 1.0, 35.0),
  (115, 'kangaskhan', 2.2, 80.0),
  (116, 'horsea', 0.4, 8.0),
  (117, 'seadra', 1.2, 25.0),
  (118, 'goldeen', 0.6, 15.0),
  (119, 'seaking', 1.3, 39.0),
  (120, 'staryu', 0.8, 34.5),
  (121, 'starmie', 1.1, 80.0),
  (122, 'mr-mime', 1.3, 54.5),
  (123, 'scyther', 1.5, 56.0),
  (124, 'jynx', 1.4, 40.6),
  (125, 'electabuzz', 1.1, 30.0),
  (126, 'magmar', 1.3, 44.5),
  (127, 'pinsir', 1.5, 55.0),
  (128, 'tauros', 1.4, 88.4),
  (129, 'magikarp', 0.9, 10.0),
  (130, 'gyarados', 6.5, 235.0),
  (131, 'lapras', 2.5, 220.0),
  (132, 'ditto', 0.3, 4.0),
  (133, 'eevee', 0.3, 6.5),
  (134, 'vaporeon', 1.0, 29.0),
  (135, 'jolteon', 0.8, 24.5),
  (136, 'flareon', 0.9, 25.0),
  (137, 'porygon', 0.8, 36.5),
  (138, 'omanyte', 0.4, 7.5),
  (139, 'omastar', 1.0, 35.0),
  (140, 'kabuto', 0.5, 11.5),
  (141, 'kabutops', 1.3, 40.5),
  (142, 'aerodactyl', 1.8, 59.0),
  (143, 'snorlax', 2.1, 460.0),
  (144, 'articuno', 1.7, 55.4),
  (145, 'zapdos', 1.6, 52.6),
  (146, 'moltres', 2.0, 60.0),
  (147, 'dratini', 1.8, 3.3),
  (148, 'dragonair', 4.0, 16.5),
  (149, 'dragonite', 2.2, 210.0),
  (150, 'mewtwo', 2.0, 122.0),
  (151, 'mew', 0.4, 4.0),
  (152, 'chikorita', 0.9, 6.4),
  (153, 'bayleef', 1.2, 15.8),
  (154, 'meganium', 1.8, 100.5),
  (155, 'cyndaquil', 0.5, 7.9),
  (156, 'quilava', 0.9, 19.0),
  (157, 'typhlosion', 1.7, 79.5),
  (158, 'totodile', 0.6, 9.5),
  (159, 'croconaw', 1.1, 25.0),
  (160, 'feraligatr', 2.3, 88.8),
  (161, 'sentret', 0.8, 6.0),
  (162, 'furret', 1.8, 32.5),
  (163, 'hoothoot', 0.7, 21.2),
  (164, 'noctowl', 1.6, 40.8),
  (165, 'ledyba', 1.0, 10.8),
  (166, 'ledian', 1.4, 35.6),
  (167, 'spinarak', 0.5, 8.5),
  (168, 'ariados', 1.1, 33.5),
  (169, 'crobat', 1.8, 75.0),
  (170, 'chinchou', 0.5, 12.0),
  (171, 'lanturn', 1.2, 22.5),
  (172, 'pichu', 0.3, 2.0),
  (173, 'cleffa', 0.3, 3.0),
  (174, 'igglybuff', 0.3, 1.0),
  (175, 'togepi', 0.3, 1.5),
  (176, 'togetic', 0.6, 3.2),
  (177, 'natu', 0.2, 2.0),
  (178, 'xatu', 1.5, 15.0),
  (179, 'mareep', 0.6, 7.8),
  (180, 'flaaffy', 0.8, 13.3),
  (181, 'ampharos', 1.4, 61.5),
  (182, 'bellossom', 0.4, 5.8),
  (183, 'marill', 0.4, 8.5),
  (184, 'azumarill', 0.8, 28.5),
  (185, 'sudowoodo', 1.2, 38.0),
  (186, 'politoed', 1.1, 33.9),
  (187, 'hoppip', 0.4, 0.5),
  (188, 'skiploom', 0.6, 1.0),
  (189, 'jumpluff', 0.8, 3.0),
  (190, 'aipom', 0.8, 11.5),
  (191, 'sunkern', 0.3, 1.8),
  (192, 'sunflora', 0.8, 8.5),
  (193, 'yanma', 1.2, 38.0),
  (194, 'wooper', 0.4, 8.5),
  (195, 'quagsire', 1.4, 75.0),
  (196, 'espeon', 0.9, 26.5),
  (197, 'umbreon', 1.0, 27.0),
  (198, 'murkrow', 0.5, 2.1),
  (199, 'slowking', 2.0, 79.5),
  (200, 'misdreavus', 0.7, 1.0),
  (201, 'unown', 0.5, 5.0),
  (202, 'wobbuffet', 1.3, 28.5),
  (203, 'girafarig', 1.5, 41.5),
  (204, 'pineco', 0.6, 7.2),
  (205, 'forretress', 1.2, 125.8),
  (206, 'dunsparce', 1.5, 14.0),
  (207, 'gligar', 1.1, 64.8),
  (208, 'steelix', 9.2, 400.0),
  (209, 'snubbull', 0.6, 7.8),
  (210, 'granbull', 1.4, 48.7),
  (211, 'qwilfish', 0.5, 3.9),
  (212, 'scizor', 1.8, 118.0),
  (213, 'shuckle', 0.6, 20.5),
  (214, 'heracross', 1.5, 54.0),
  (215, 'sneasel', 0.9, 28.0),
  (216, 'teddiursa', 0.6, 8.8),
  (217, 'ursaring', 1.8, 125.8),
  (218, 'slugma', 0.7, 35.0),
  (219, 'magcargo', 0.8, 55.0),
  (220, 'swinub', 0.4, 6.5),
  (221, 'piloswine', 1.1, 55.8),
  (222, 'corsola', 0.6, 5.0),
  (223, 'remoraid', 0.6, 12.0),
  (224, 'octillery', 0.9, 28.5),
  (225, 'delibird', 0.9, 16.0),
  (226, 'mantine', 2.1, 220.0),
  (227, 'skarmory', 1.7, 50.5),
  (228, 'houndour', 0.6, 10.8),
  (229, 'houndoom', 1.4, 35.0),
  (230, 'kingdra', 1.8, 152.0),
  (231, 'phanpy', 0.5, 33.5),
  (232, 'donphan', 1.1, 120.0),
  (233, 'porygon2', 0.6, 32.5),
  (234, 'stantler', 1.4, 71.2),
  (235, 'smeargle', 1.2, 58.0),
  (236, 'tyrogue', 0.7, 21.0),
  (237, 'hitmontop', 1.4, 48.0),
  (238, 'smoochum', 0.4, 6.0),
  (239, 'elekid', 0.6, 23.5),
  (240, 'magby', 0.7, 21.4),
  (241, 'miltank', 1.2, 75.5),
  (242, 'blissey', 1.5, 46.8),
  (243, 'raikou', 1.9, 178.0),
  (244, 'entei', 2.1, 198.0),
  (245, 'suicune', 2.0, 187.0),
  (246, 'larvitar', 0.6, 72.0),
  (247, 'pupitar', 1.2, 152.0),
  (248, 'tyranitar', 2.0, 202.0),
  (249, 'lugia', 5.2, 216.0),
  (250, 'ho-oh', 3.8, 199.0),
  (251, 'celebi', 0.6, 5.0),
  (252, 'treecko', 0.5, 5.0),
  (253, 'grovyle', 0.9, 21.6),
  (254, 'sceptile', 1.7, 52.2),
  (255, 'torchic', 0.4, 2.5),
  (256, 'combusken', 0.9, 19.5),
  (257, 'blaziken', 1.9, 52.0),
  (258, 'mudkip', 0.4, 7.6),
  (259, 'marshtomp', 0.7, 28.0),
  (260, 'swampert', 1.5, 81.9),
  (261, 'poochyena', 0.5, 13.6),
  (262, 'mightyena', 1.0, 37.0),
  (263, 'zigzagoon', 0.4, 17.5),
  (264, 'linoone', 0.5, 32.5),
  (265, 'wurmple', 0.3, 3.6),
  (266, 'silcoon', 0.6, 10.0),
  (267, 'beautifly', 1.0, 28.4),
  (268, 'cascoon', 0.7, 11.5),
  (269, 'dustox', 1.2, 31.6),
  (270, 'lotad', 0.5, 2.6),
  (271, 'lombre', 1.2, 32.5),
  (272, 'ludicolo', 1.5, 55.0),
  (273, 'seedot', 0.5, 4.0),
  (274, 'nuzleaf', 1.0, 28.0),
  (275, 'shiftry', 1.3, 59.6),
  (276, 'taillow', 0.3, 2.3),
  (277, 'swellow', 0.7, 19.8),
  (278, 'wingull', 0.6, 9.5),
  (279, 'pelipper', 1.2, 28.0),
  (280, 'ralts', 0.4, 6.6),
  (281, 'kirlia', 0.8, 20.2),
  (282, 'gardevoir', 1.6, 48.4),
  (283, 'surskit', 0.5, 1.7),
  (284, 'masquerain', 0.8, 3.6),
  (285, 'shroomish', 0.4, 4.5),
  (286, 'breloom', 1.2, 39.2),
  (287, 'slakoth', 0.8, 24.0),
  (288, 'vigoroth', 1.4, 46.5),
  (289, 'slaking', 2.0, 130.5),
  (290, 'nincada', 0.5, 5.5),
  (291, 'ninjask', 0.8, 12.0),
  (292, 'shedinja', 0.8, 1.2),
  (293, 'whismur', 0.6, 16.3),
  (294, 'loudred', 1.0, 40.5),
  (295, 'exploud', 1.5, 84.0),
  (296, 'makuhita', 1.0, 86.4),
  (297, 'hariyama', 2.3, 253.8),
  (298, 'azurill', 0.2, 2.0),
  (299, 'nosepass', 1.0, 97.0),
  (300, 'skitty', 0.6, 11.0),
  (301, 'delcatty', 1.1, 32.6),
  (302, 'sableye', 0.5, 11.0),
  (303, 'mawile', 0.6, 11.5),
  (304, 'aron', 0.4, 60.0),
  (305, 'lairon', 0.9, 120.0),
  (306, 'aggron', 2.1, 360.0),
  (307, 'meditite', 0.6, 11.2),
  (308, 'medicham', 1.3, 31.5),
  (309, 'electrike', 0.6, 15.2),
  (310, 'manectric', 1.5, 40.2),
  (311, 'plusle', 0.4, 4.2),
  (312, 'minun', 0.4, 4.2),
  (313, 'volbeat', 0.7, 17.7),
  (314, 'illumise', 0.6, 17.7),
  (315, 'roselia', 0.3, 2.0),
  (316, 'gulpin', 0.4, 10.3),
  (317, 'swalot', 1.7, 80.0),
  (318, 'carvanha', 0.8, 20.8),
  (319, 'sharpedo', 1.8, 88.8),
  (320, 'wailmer', 2.0, 130.0),
  (321, 'wailord', 14.5, 398.0),
  (322, 'numel', 0.7, 24.0),
  (323, 'camerupt', 1.9, 220.0),
  (324, 'torkoal', 0.5, 80.4),
  (325, 'spoink', 0.7, 30.6),
  (326, 'grumpig', 0.9, 71.5),
  (327, 'spinda', 1.1, 5.0),
  (328, 'trapinch', 0.7, 15.0),
  (329, 'vibrava', 1.1, 15.3),
  (330, 'flygon', 2.0, 82.0),
  (331, 'cacnea', 0.4, 51.3),
  (332, 'cacturne', 1.3, 77.4),
  (333, 'swablu', 0.4, 1.2),
  (334, 'altaria', 1.1, 20.6),
  (335, 'zangoose', 1.3, 40.3),
  (336, 'seviper', 2.7, 52.5),
  (337, 'lunatone', 1.0, 168.0),
  (338, 'solrock', 1.2, 154.0),
  (339, 'barboach', 0.4, 1.9),
  (340, 'whiscash', 0.9, 23.6),
  (341, 'corphish', 0.6, 11.5),
  (342, 'crawdaunt', 1.1, 32.8),
  (343, 'baltoy', 0.5, 21.5),
  (344, 'claydol', 1.5, 108.0),
  (345, 'lileep', 1.0, 23.8),
  (346, 'cradily', 1.5, 60.4),
  (347, 'anorith', 0.7, 12.5),
  (348, 'armaldo', 1.5, 68.2),
  (349, 'feebas', 0.6, 7.4),
  (350, 'milotic', 6.2, 162.0),
  (351, 'castform', 0.3, 0.8),
  (352, 'kecleon', 1.0, 22.0),
  (353, 'shuppet', 0.6, 2.3),
  (354, 'banette', 1.1, 12.5),
  (355, 'duskull', 0.8, 15.0),
  (356, 'dusclops', 1.6, 30.6),
  (357, 'tropius', 2.0, 100.0),
  (358, 'chimecho', 0.6, 1.0),
  (359, 'absol', 1.2, 47.0),
  (360, 'wynaut', 0.6, 14.0),
  (361, 'snorunt', 0.7, 16.8),
  (362, 'glalie', 1.5, 256.5),
  (363, 'spheal', 0.8, 39.5),
  (364, 'sealeo', 1.1, 87.6),
  (365, 'walrein', 1.4, 150.6),
  (366, 'clamperl', 0.4, 52.5),
  (367, 'huntail', 1.7, 27.0),
  (368, 'gorebyss', 1.8, 22.6),
  (369, 'relicanth', 1.0, 23.4),
  (370, 'luvdisc', 0.6, 8.7),
  (371, 'bagon', 0.6, 42.1),
  (372, 'shelgon', 1.1, 110.5),
  (373, 'salamence', 1.5, 102.6),
  (374, 'beldum', 0.6, 95.2),
  (375, 'metang', 1.2, 202.5),
  (376, 'metagross', 1.6, 550.0),
  (377, 'regirock', 1.7, 230.0),
  (378, 'regice', 1.8, 175.0),
  (379, 'registeel', 1.9, 205.0),
  (380, 'latias', 1.4, 40.0),
  (381, 'latios', 2.0, 60.0),
  (382, 'kyogre', 4.5, 352.0),
  (383, 'groudon', 3.5, 950.0),
  (384, 'rayquaza', 7.0, 206.5),
  (385, 'jirachi', 0.3, 1.1),
  (386, 'deoxys-normal', 1.7, 60.8),
  (387, 'turtwig', 0.4, 10.2),
  (388, 'grotle', 1.1, 97.0),
  (389, 'torterra', 2.2, 310.0),
  (390, 'chimchar', 0.5, 6.2),
  (391, 'monferno', 0.9, 22.0),
  (392, 'infernape', 1.2, 55.0),
  (393, 'piplup', 0.4, 5.2),
  (394, 'prinplup', 0.8, 23.0),
  (395, 'empoleon', 1.7, 84.5),
  (396, 'starly', 0.3, 2.0),
  (397, 'staravia', 0.6, 15.5),
  (398, 'staraptor', 1.2, 24.9),
  (399, 'bidoof', 0.5, 20.0),
  (400, 'bibarel', 1.0, 31.5),
  (401, 'kricketot', 0.3, 2.2),
  (402, 'kricketune', 1.0, 25.5),
  (403, 'shinx', 0.5, 9.5),
  (404, 'luxio', 0.9, 30.5),
  (405, 'luxray', 1.4, 42.0),
  (406, 'budew', 0.2, 1.2),
  (407, 'roserade', 0.9, 14.5),
  (408, 'cranidos', 0.9, 31.5),
  (409, 'rampardos', 1.6, 102.5),
  (410, 'shieldon', 0.5, 57.0),
  (411, 'bastiodon', 1.3, 149.5),
  (412, 'burmy', 0.2, 3.4),
  (413, 'wormadam-plant', 0.5, 6.5),
  (414, 'mothim', 0.9, 23.3),
  (415, 'combee', 0.3, 5.5),
  (416, 'vespiquen', 1.2, 38.5),
  (417, 'pachirisu', 0.4, 3.9),
  (418, 'buizel', 0.7, 29.5),
  (419, 'floatzel', 1.1, 33.5),
  (420, 'cherubi', 0.4, 3.3),
  (421, 'cherrim', 0.5, 9.3),
  (422, 'shellos', 0.3, 6.3),
  (423, 'gastrodon', 0.9, 29.9),
  (424, 'ambipom', 1.2, 20.3),
  (425, 'drifloon', 0.4, 1.2),
  (426, 'drifblim', 1.2, 15.0),
  (427, 'buneary', 0.4, 5.5),
  (428, 'lopunny', 1.2, 33.3),
  (429, 'mismagius', 0.9, 4.4),
  (430, 'honchkrow', 0.9, 27.3),
  (431, 'glameow', 0.5, 3.9),
  (432, 'purugly', 1.0, 43.8),
  (433, 'chingling', 0.2, 0.6),
  (434, 'stunky', 0.4, 19.2),
  (435, 'skuntank', 1.0, 38.0),
  (436, 'bronzor', 0.5, 60.5),
  (437, 'bronzong', 1.3, 187.0),
  (438, 'bonsly', 0.5, 15.0),
  (439, 'mime-jr', 0.6, 13.0),
  (440, 'happiny', 0.6, 24.4),
  (441, 'chatot', 0.5, 1.9),
  (442, 'spiritomb', 1.0, 108.0),
  (443, 'gible', 0.7, 20.5),
  (444, 'gabite', 1.4, 56.0),
  (445, 'garchomp', 1.9, 95.0),
  (446, 'munchlax', 0.6, 105.0),
  (447, 'riolu', 0.7, 20.2),
  (448, 'lucario', 1.2, 54.0),
  (449, 'hippopotas', 0.8, 49.5),
  (450, 'hippowdon', 2.0, 300.0),
  (451, 'skorupi', 0.8, 12.0),
  (452, 'drapion', 1.3, 61.5),
  (453, 'croagunk', 0.7, 23.0),
  (454, 'toxicroak', 1.3, 44.4),
  (455, 'carnivine', 1.4, 27.0),
  (456, 'finneon', 0.4, 7.0),
  (457, 'lumineon', 1.2, 24.0),
  (458, 'mantyke', 1.0, 65.0),
  (459, 'snover', 1.0, 50.5),
  (460, 'abomasnow', 2.2, 135.5),
  (461, 'weavile', 1.1, 34.0),
  (462, 'magnezone', 1.2, 180.0),
  (463, 'lickilicky', 1.7, 140.0),
  (464, 'rhyperior', 2.4, 282.8),
  (465, 'tangrowth', 2.0, 128.6),
  (466, 'electivire', 1.8, 138.6),
  (467, 'magmortar', 1.6, 68.0),
  (468, 'togekiss', 1.5, 38.0),
  (469, 'yanmega', 1.9, 51.5),
  (470, 'leafeon', 1.0, 25.5),
  (471, 'glaceon', 0.8, 25.9),
  (472, 'gliscor', 2.0, 42.5),
  (473, 'mamoswine', 2.5, 291.0),
  (474, 'porygon-z', 0.9, 34.0),
  (475, 'gallade', 1.6, 52.0),
  (476, 'probopass', 1.4, 340.0),
  (477, 'dusknoir', 2.2, 106.6),
  (478, 'froslass', 1.3, 26.6),
  (479, 'rotom', 0.3, 0.3),
  (480, 'uxie', 0.3, 0.3),
  (481, 'mesprit', 0.3, 0.3),
  (482, 'azelf', 0.3, 0.3),
  (483, 'dialga', 5.4, 683.0),
  (484, 'palkia', 4.2, 336.0),
  (485, 'heatran', 1.7, 430.0),
  (486, 'regigigas', 3.7, 420.0),
  (487, 'giratina-altered', 4.5, 750.0),
  (488, 'cresselia', 1.5, 85.6),
  (489, 'phione', 0.4, 3.1),
  (490, 'manaphy', 0.3, 1.4),
  (491, 'darkrai', 1.5, 50.5),
  (492, 'shaymin-land', 0.2, 2.1),
  (493, 'arceus', 3.2, 320.0),
  (494, 'victini', 0.4, 4.0),
  (495, 'snivy', 0.6, 8.1),
  (496, 'servine', 0.8, 16.0),
  (497, 'serperior', 3.3, 63.0),
  (498, 'tepig', 0.5, 9.9),
  (499, 'pignite', 1.0, 55.5),
  (500, 'emboar', 1.6, 150.0),
  (501, 'oshawott', 0.5, 5.9),
  (502, 'dewott', 0.8, 24.5),
  (503, 'samurott', 1.5, 94.6),
  (504, 'patrat', 0.5, 11.6),
  (505, 'watchog', 1.1, 27.0),
  (506, 'lillipup', 0.4, 4.1),
  (507, 'herdier', 0.9, 14.7),
  (508, 'stoutland', 1.2, 61.0),
  (509, 'purrloin', 0.4, 10.1),
  (510, 'liepard', 1.1, 37.5),
  (511, 'pansage', 0.6, 10.5),
  (512, 'simisage', 1.1, 30.5),
  (513, 'pansear', 0.6, 11.0),
  (514, 'simisear', 1.0, 28.0),
  (515, 'panpour', 0.6, 13.5),
  (516, 'simipour', 1.0, 29.0),
  (517, 'munna', 0.6, 23.3),
  (518, 'musharna', 1.1, 60.5),
  (519, 'pidove', 0.3, 2.1),
  (520, 'tranquill', 0.6, 15.0),
  (521, 'unfezant', 1.2, 29.0),
  (522, 'blitzle', 0.8, 29.8),
  (523, 'zebstrika', 1.6, 79.5),
  (524, 'roggenrola', 0.4, 18.0),
  (525, 'boldore', 0.9, 102.0),
  (526, 'gigalith', 1.7, 260.0),
  (527, 'woobat', 0.4, 2.1),
  (528, 'swoobat', 0.9, 10.5),
  (529, 'drilbur', 0.3, 8.5),
  (530, 'excadrill', 0.7, 40.4),
  (531, 'audino', 1.1, 31.0),
  (532, 'timburr', 0.6, 12.5),
  (533, 'gurdurr', 1.2, 40.0),
  (534, 'conkeldurr', 1.4, 87.0),
  (535, 'tympole', 0.5, 4.5),
  (536, 'palpitoad', 0.8, 17.0),
  (537, 'seismitoad', 1.5, 62.0),
  (538, 'throh', 1.3, 55.5),
  (539, 'sawk', 1.4, 51.0),
  (540, 'sewaddle', 0.3, 2.5),
  (541, 'swadloon', 0.5, 7.3),
  (542, 'leavanny', 1.2, 20.5),
  (543, 'venipede', 0.4, 5.3),
  (544, 'whirlipede', 1.2, 58.5),
  (545, 'scolipede', 2.5, 200.5),
  (546, 'cottonee', 0.3, 0.6),
  (547, 'whimsicott', 0.7, 6.6),
  (548, 'petilil', 0.5, 6.6),
  (549, 'lilligant', 1.1, 16.3),
  (550, 'basculin-red-striped', 1.0, 18.0),
  (551, 'sandile', 0.7, 15.2),
  (552, 'krokorok', 1.0, 33.4),
  (553, 'krookodile', 1.5, 96.3),
  (554, 'darumaka', 0.6, 37.5),
  (555, 'darmanitan-standard', 1.3, 92.9),
  (556, 'maractus', 1.0, 28.0),
  (557, 'dwebble', 0.3, 14.5),
  (558, 'crustle', 1.4, 200.0),
  (559, 'scraggy', 0.6, 11.8),
  (560, 'scrafty', 1.1, 30.0),
  (561, 'sigilyph', 1.4, 14.0),
  (562, 'yamask', 0.5, 1.5),
  (563, 'cofagrigus', 1.7, 76.5),
  (564, 'tirtouga', 0.7, 16.5),
  (565, 'carracosta', 1.2, 81.0),
  (566, 'archen', 0.5, 9.5),
  (567, 'archeops', 1.4, 32.0),
  (568, 'trubbish', 0.6, 31.0),
  (569, 'garbodor', 1.9, 107.3),
  (570, 'zorua', 0.7, 12.5),
  (571, 'zoroark', 1.6, 81.1),
  (572, 'minccino', 0.4, 5.8),
  (573, 'cinccino', 0.5, 7.5),
  (574, 'gothita', 0.4, 5.8),
  (575, 'gothorita', 0.7, 18.0),
  (576, 'gothitelle', 1.5, 44.0),
  (577, 'solosis', 0.3, 1.0),
  (578, 'duosion', 0.6, 8.0),
  (579, 'reuniclus', 1.0, 20.1),
  (580, 'ducklett', 0.5, 5.5),
  (581, 'swanna', 1.3, 24.2),
  (582, 'vanillite', 0.4, 5.7),
  (583, 'vanillish', 1.1, 41.0),
  (584, 'vanilluxe', 1.3, 57.5),
  (585, 'deerling', 0.6, 19.5),
  (586, 'sawsbuck', 1.9, 92.5),
  (587, 'emolga', 0.4, 5.0),
  (588, 'karrablast', 0.5, 5.9),
  (589, 'escavalier', 1.0, 33.0),
  (590, 'foongus', 0.2, 1.0),
  (591, 'amoonguss', 0.6, 10.5),
  (592, 'frillish', 1.2, 33.0),
  (593, 'jellicent', 2.2, 135.0),
  (594, 'alomomola', 1.2, 31.6),
  (595, 'joltik', 0.1, 0.6),
  (596, 'galvantula', 0.8, 14.3),
  (597, 'ferroseed', 0.6, 18.8),
  (598, 'ferrothorn', 1.0, 110.0),
  (599, 'klink', 0.3, 21.0),
  (600, 'klang', 0.6, 51.0),
  (601, 'klinklang', 0.6, 81.0),
  (602, 'tynamo', 0.2, 0.3),
  (603, 'eelektrik', 1.2, 22.0),
  (604, 'eelektross', 2.1, 80.5),
  (605, 'elgyem', 0.5, 9.0),
  (606, 'beheeyem', 1.0, 34.5),
  (607, 'litwick', 0.3, 3.1),
  (608, 'lampent', 0.6, 13.0),
  (609, 'chandelure', 1.0, 34.3),
  (610, 'axew', 0.6, 18.0),
  (611, 'fraxure', 1.0, 36.0),
  (612, 'haxorus', 1.8, 105.5),
  (613, 'cubchoo', 0.5, 8.5),
  (614, 'beartic', 2.6, 260.0),
  (615, 'cryogonal', 1.1, 148.0),
  (616, 'shelmet', 0.4, 7.7),
  (617, 'accelgor', 0.8, 25.3),
  (618, 'stunfisk', 0.7, 11.0),
  (619, 'mienfoo', 0.9, 20.0),
  (620, 'mienshao', 1.4, 35.5),
  (621, 'druddigon', 1.6, 139.0),
  (622, 'golett', 1.0, 92.0),
  (623, 'golurk', 2.8, 330.0),
  (624, 'pawniard', 0.5, 10.2),
  (625, 'bisharp', 1.6, 70.0),
  (626, 'bouffalant', 1.6, 94.6),
  (627, 'rufflet', 0.5, 10.5),
  (628, 'braviary', 1.5, 41.0),
  (629, 'vullaby', 0.5, 9.0),
  (630, 'mandibuzz', 1.2, 39.5),
  (631, 'heatmor', 1.4, 58.0),
  (632, 'durant', 0.3, 33.0),
  (633, 'deino', 0.8, 17.3),
  (634, 'zweilous', 1.4, 50.0),
  (635, 'hydreigon', 1.8, 160.0),
  (636, 'larvesta', 1.1, 28.8),
  (637, 'volcarona', 1.6, 46.0),
  (638, 'cobalion', 2.1, 250.0),
  (639, 'terrakion', 1.9, 260.0),
  (640, 'virizion', 2.0, 200.0),
  (641, 'tornadus-incarnate', 1.5, 63.0),
  (642, 'thundurus-incarnate', 1.5, 61.0),
  (643, 'reshiram', 3.2, 330.0),
  (644, 'zekrom', 2.9, 345.0),
  (645, 'landorus-incarnate', 1.5, 68.0),
  (646, 'kyurem', 3.0, 325.0),
  (647, 'keldeo-ordinary', 1.4, 48.5),
  (648, 'meloetta-aria', 0.6, 6.5),
  (649, 'genesect', 1.5, 82.5),
  (650, 'chespin', 0.4, 9.0),
  (651, 'quilladin', 0.7, 29.0),
  (652, 'chesnaught', 1.6, 90.0),
  (653, 'fennekin', 0.4, 9.4),
  (654, 'braixen', 1.0, 14.5),
  (655, 'delphox', 1.5, 39.0),
  (656, 'froakie', 0.3, 7.0),
  (657, 'frogadier', 0.6, 10.9),
  (658, 'greninja', 1.5, 40.0),
  (659, 'bunnelby', 0.4, 5.0),
  (660, 'diggersby', 1.0, 42.4),
  (661, 'fletchling', 0.3, 1.7),
  (662, 'fletchinder', 0.7, 16.0),
  (663, 'talonflame', 1.2, 24.5),
  (664, 'scatterbug', 0.3, 2.5),
  (665, 'spewpa', 0.3, 8.4),
  (666, 'vivillon', 1.2, 17.0),
  (667, 'litleo', 0.6, 13.5),
  (668, 'pyroar', 1.5, 81.5),
  (669, 'flabebe', 0.1, 0.1),
  (670, 'floette', 0.2, 0.9),
  (671, 'florges', 1.1, 10.0),
  (672, 'skiddo', 0.9, 31.0),
  (673, 'gogoat', 1.7, 91.0),
  (674, 'pancham', 0.6, 8.0),
  (675, 'pangoro', 2.1, 136.0),
  (676, 'furfrou', 1.2, 28.0),
  (677, 'espurr', 0.3, 3.5),
  (678, 'meowstic-male', 0.6, 8.5),
  (679, 'honedge', 0.8, 2.0),
  (680, 'doublade', 0.8, 4.5),
  (681, 'aegislash-shield', 1.7, 53.0),
  (682, 'spritzee', 0.2, 0.5),
  (683, 'aromatisse', 0.8, 15.5),
  (684, 'swirlix', 0.4, 3.5),
  (685, 'slurpuff', 0.8, 5.0),
  (686, 'inkay', 0.4, 3.5),
  (687, 'malamar', 1.5, 47.0),
  (688, 'binacle', 0.5, 31.0),
  (689, 'barbaracle', 1.3, 96.0),
  (690, 'skrelp', 0.5, 7.3),
  (691, 'dragalge', 1.8, 81.5),
  (692, 'clauncher', 0.5, 8.3),
  (693, 'clawitzer', 1.3, 35.3),
  (694, 'helioptile', 0.5, 6.0),
  (695, 'heliolisk', 1.0, 21.0),
  (696, 'tyrunt', 0.8, 26.0),
  (697, 'tyrantrum', 2.5, 270.0),
  (698, 'amaura', 1.3, 25.2),
  (699, 'aurorus', 2.7, 225.0),
  (700, 'sylveon', 1.0, 23.5),
  (701, 'hawlucha', 0.8, 21.5),
  (702, 'dedenne', 0.2, 2.2),
  (703, 'carbink', 0.3, 5.7),
  (704, 'goomy', 0.3, 2.8),
  (705, 'sliggoo', 0.8, 17.5),
  (706, 'goodra', 2.0, 150.5),
  (707, 'klefki', 0.2, 3.0),
  (708, 'phantump', 0.4, 7.0),
  (709, 'trevenant', 1.5, 71.0),
  (710, 'pumpkaboo-average', 0.4, 5.0),
  (711, 'gourgeist-average', 0.9, 12.5),
  (712, 'bergmite', 1.0, 99.5),
  (713, 'avalugg', 2.0, 505.0),
  (714, 'noibat', 0.5, 8.0),
  (715, 'noivern', 1.5, 85.0),
  (716, 'xerneas', 3.0, 215.0),
  (717, 'yveltal', 5.8, 203.0),
  (718, 'zygarde-50', 5.0, 305.0),
  (719, 'diancie', 0.7, 8.8),
  (720, 'hoopa', 0.5, 9.0),
  (721, 'volcanion', 1.7, 195.0),
  (722, 'rowlet', 0.3, 1.5),
  (723, 'dartrix', 0.7, 16.0),
  (724, 'decidueye', 1.6, 36.6),
  (725, 'litten', 0.4, 4.3),
  (726, 'torracat', 0.7, 25.0),
  (727, 'incineroar', 1.8, 83.0),
  (728, 'popplio', 0.4, 7.5),
  (729, 'brionne', 0.6, 17.5),
  (730, 'primarina', 1.8, 44.0),
  (731, 'pikipek', 0.3, 1.2),
  (732, 'trumbeak', 0.6, 14.8),
  (733, 'toucannon', 1.1, 26.0),
  (734, 'yungoos', 0.4, 6.0),
  (735, 'gumshoos', 0.7, 14.2),
  (736, 'grubbin', 0.4, 4.4),
  (737, 'charjabug', 0.5, 10.5),
  (738, 'vikavolt', 1.5, 45.0),
  (739, 'crabrawler', 0.6, 7.0),
  (740, 'crabominable', 1.7, 180.0),
  (741, 'oricorio-baile', 0.6, 3.4),
  (742, 'cutiefly', 0.1, 0.2),
  (743, 'ribombee', 0.2, 0.5),
  (744, 'rockruff', 0.5, 9.2),
  (745, 'lycanroc-midday', 0.8, 25.0),
  (746, 'wishiwashi-solo', 0.2, 0.3),
  (747, 'mareanie', 0.4, 8.0),
  (748, 'toxapex', 0.7, 14.5),
  (749, 'mudbray', 1.0, 110.0),
  (750, 'mudsdale', 2.5, 920.0),
  (751, 'dewpider', 0.3, 4.0),
  (752, 'araquanid', 1.8, 82.0),
  (753, 'fomantis', 0.3, 1.5),
  (754, 'lurantis', 0.9, 18.5),
  (755, 'morelull', 0.2, 1.5),
  (756, 'shiinotic', 1.0, 11.5),
  (757, 'salandit', 0.6, 4.8),
  (758, 'salazzle', 1.2, 22.2),
  (759, 'stufful', 0.5, 6.8),
  (760, 'bewear', 2.1, 135.0),
  (761, 'bounsweet', 0.3, 3.2),
  (762, 'steenee', 0.7, 8.2),
  (763, 'tsareena', 1.2, 21.4),
  (764, 'comfey', 0.1, 0.3),
  (765, 'oranguru', 1.5, 76.0),
  (766, 'passimian', 2.0, 82.8),
  (767, 'wimpod', 0.5, 12.0),
  (768, 'golisopod', 2.0, 108.0),
  (769, 'sandygast', 0.5, 70.0),
  (770, 'palossand', 1.3, 250.0),
  (771, 'pyukumuku', 0.3, 1.2),
  (772, 'type-null', 1.9, 120.5),
  (773, 'silvally', 2.3, 100.5),
  (774, 'minior-red-meteor', 0.3, 40.0),
  (775, 'komala', 0.4, 19.9),
  (776, 'turtonator', 2.0, 212.0),
  (777, 'togedemaru', 0.3, 3.3),
  (778, 'mimikyu-disguised', 0.2, 0.7),
  (779, 'bruxish', 0.9, 19.0),
  (780, 'drampa', 3.0, 185.0),
  (781, 'dhelmise', 3.9, 210.0),
  (782, 'jangmo-o', 0.6, 29.7),
  (783, 'hakamo-o', 1.2, 47.0),
  (784, 'kommo-o', 1.6, 78.2),
  (785, 'tapu-koko', 1.8, 20.5),
  (786, 'tapu-lele', 1.2, 18.6),
  (787, 'tapu-bulu', 1.9, 45.5),
  (788, 'tapu-fini', 1.3, 21.2),
  (789, 'cosmog', 0.2, 0.1),
  (790, 'cosmoem', 0.1, 999.9),
  (791, 'solgaleo', 3.4, 230.0),
  (792, 'lunala', 4.0, 120.0),
  (793, 'nihilego', 1.2, 55.5),
  (794, 'buzzwole', 2.4, 333.6),
  (795, 'pheromosa', 1.8, 25.0),
  (796, 'xurkitree', 3.8, 100.0),
  (797, 'celesteela', 9.2, 999.9),
  (798, 'kartana', 0.3, 0.1),
  (799, 'guzzlord', 5.5, 888.0),
  (800, 'necrozma', 2.4, 230.0),
  (801, 'magearna', 1.0, 80.5),
  (802, 'marshadow', 0.7, 22.2),
  (803, 'poipole', 0.6, 1.8),
  (804, 'naganadel', 3.6, 150.0),
  (805, 'stakataka', 5.5, 820.0),
  (806, 'blacephalon', 1.8, 13.0),
  (807, 'zeraora', 1.5, 44.5),
  (808, 'meltan', 0.2, 8.0),
  (809, 'melmetal', 2.5, 800.0),
  (810, 'grookey', 0.3, 5.0),
  (811, 'thwackey', 0.7, 14.0),
  (812, 'rillaboom', 2.1, 90.0),
  (813, 'scorbunny', 0.3, 4.5),
  (814, 'raboot', 0.6, 9.0),
  (815, 'cinderace', 1.4, 33.0),
  (816, 'sobble', 0.3, 4.0),
  (817, 'drizzile', 0.7, 11.5),
  (818, 'inteleon', 1.9, 45.2),
  (819, 'skwovet', 0.3, 2.5),
  (820, 'greedent', 0.6, 6.0),
  (821, 'rookidee', 0.2, 1.8),
  (822, 'corvisquire', 0.8, 16.0),
  (823, 'corviknight', 2.2, 75.0),
  (824, 'blipbug', 0.4, 8.0),
  (825, 'dottler', 0.4, 19.5),
  (826, 'orbeetle', 0.4, 40.8),
  (827, 'nickit', 0.6, 8.9),
  (828, 'thievul', 1.2, 19.9),
  (829, 'gossifleur', 0.4, 2.2),
  (830, 'eldegoss', 0.5, 2.5),
  (831, 'wooloo', 0.6, 6.0),
  (832, 'dubwool', 1.3, 43.0),
  (833, 'chewtle', 0.3, 8.5),
  (834, 'drednaw', 1.0, 115.5),
  (835, 'yamper', 0.3, 13.5),
  (836, 'boltund', 1.0, 34.0),
  (837, 'rolycoly', 0.3, 12.0),
  (838, 'carkol', 1.1, 78.0),
  (839, 'coalossal', 2.8, 310.5),
  (840, 'applin', 0.2, 0.5),
  (841, 'flapple', 0.3, 1.0),
  (842, 'appletun', 0.4, 13.0),
  (843, 'silicobra', 2.2, 7.6),
  (844, 'sandaconda', 3.8, 65.5),
  (845, 'cramorant', 0.8, 18.0),
  (846, 'arrokuda', 0.5, 1.0),
  (847, 'barraskewda', 1.3, 30.0),
  (848, 'toxel', 0.4, 11.0),
  (849, 'toxtricity-amped', 1.6, 40.0),
  (850, 'sizzlipede', 0.7, 1.0),
  (851, 'centiskorch', 3.0, 120.0),
  (852, 'clobbopus', 0.6, 4.0),
  (853, 'grapploct', 1.6, 39.0),
  (854, 'sinistea', 0.1, 0.2),
  (855, 'polteageist', 0.2, 0.4),
  (856, 'hatenna', 0.4, 3.4),
  (857, 'hattrem', 0.6, 4.8),
  (858, 'hatterene', 2.1, 5.1),
  (859, 'impidimp', 0.4, 5.5),
  (860, 'morgrem', 0.8, 12.5),
  (861, 'grimmsnarl', 1.5, 61.0),
  (862, 'obstagoon', 1.6, 46.0),
  (863, 'perrserker', 0.8, 28.0),
  (864, 'cursola', 1.0, 0.4),
  (865, 'sirfetchd', 0.8, 117.0),
  (866, 'mr-rime', 1.5, 58.2),
  (867, 'runerigus', 1.6, 66.6),
  (868, 'milcery', 0.2, 0.3),
  (869, 'alcremie', 0.3, 0.5),
  (870, 'falinks', 3.0, 62.0),
  (871, 'pincurchin', 0.3, 1.0),
  (872, 'snom', 0.3, 3.8),
  (873, 'frosmoth', 1.3, 42.0),
  (874, 'stonjourner', 2.5, 520.0),
  (875, 'eiscue-ice', 1.4, 89.0),
  (876, 'indeedee-male', 0.9, 28.0),
  (877, 'morpeko-full-belly', 0.3, 3.0),
  (878, 'cufant', 1.2, 100.0),
  (879, 'copperajah', 3.0, 650.0),
  (880, 'dracozolt', 1.8, 190.0),
  (881, 'arctozolt', 2.3, 150.0),
  (882, 'dracovish', 2.3, 215.0),
  (883, 'arctovish', 2.0, 175.0),
  (884, 'duraludon', 1.8, 40.0),
  (885, 'dreepy', 0.5, 2.0),
  (886, 'drakloak', 1.4, 11.0),
  (887, 'dragapult', 3.0, 50.0),
  (888, 'zacian', 2.8, 110.0),
  (889, 'zamazenta', 2.9, 210.0),
  (890, 'eternatus', 20.0, 950.0),
  (891, 'kubfu', 0.6, 12.0),
  (892, 'urshifu-single-strike', 1.9, 105.0),
  (893, 'zarude', 1.8, 70.0),
  (894, 'regieleki', 1.2, 145.0),
  (895, 'regidrago', 2.1, 200.0),
  (896, 'glastrier', 2.2, 800.0),
  (897, 'spectrier', 2.0, 44.5),
  (898, 'calyrex', 1.1, 7.7),
  (10001, 'deoxys-attack', 1.7, 60.8),
  (10002, 'deoxys-defense', 1.7, 60.8),
  (10003, 'deoxys-speed', 1.7, 60.8),
  (10004, 'wormadam-sandy', 0.5, 6.5),
  (10005, 'wormadam-trash', 0.5, 6.5),
  (10006, 'shaymin-sky', 0.4, 5.2),
  (10007, 'giratina-origin', 6.9, 650.0),
  (10008, 'rotom-heat', 0.3, 0.3),
  (10009, 'rotom-wash', 0.3, 0.3),
  (10010, 'rotom-frost', 0.3, 0.3),
  (10011, 'rotom-fan', 0.3, 0.3),
  (10012, 'rotom-mow', 0.3, 0.3),
  (10013, 'castform-sunny', 0.3, 0.8),
  (10014, 'castform-rainy', 0.3, 0.8),
  (10015, 'castform-snowy', 0.3, 0.8),
  (10016, 'basculin-blue-striped', 1.0, 18.0),
  (10017, 'darmanitan-zen', 1.3, 92.9),
  (10018, 'meloetta-pirouette', 0.6, 6.5),
  (10019, 'tornadus-therian', 1.4, 63.0),
  (10020, 'thundurus-therian', 3.0, 61.0),
  (10021, 'landorus-therian', 1.3, 68.0),
  (10022, 'kyurem-black', 3.3, 325.0),
  (10023, 'kyurem-white', 3.6, 325.0),
  (10024, 'keldeo-resolute', 1.4, 48.5),
  (10025, 'meowstic-female', 0.6, 8.5),
  (10026, 'aegislash-blade', 1.7, 53.0),
  (10027, 'pumpkaboo-small', 0.3, 3.5),
  (10028, 'pumpkaboo-large', 0.5, 7.5),
  (10029, 'pumpkaboo-super', 0.8, 15.0),
  (10030, 'gourgeist-small', 0.7, 9.5),
  (10031, 'gourgeist-large', 1.1, 14.0),
  (10032, 'gourgeist-super', 1.7, 39.0),
  (10033, 'venusaur-mega', 2.4, 155.5),
  (10034, 'charizard-mega-x', 1.7, 110.5),
  (10035, 'charizard-mega-y', 1.7, 100.5),
  (10036, 'blastoise-mega', 1.6, 101.1),
  (10037, 'alakazam-mega', 1.2, 48.0),
  (10038, 'gengar-mega', 1.4, 40.5),
  (10039, 'kangaskhan-mega', 2.2, 100.0),
  (10040, 'pinsir-mega', 1.7, 59.0),
  (10041, 'gyarados-mega', 6.5, 305.0),
  (10042, 'aerodactyl-mega', 2.1, 79.0),
  (10043, 'mewtwo-mega-x', 2.3, 127.0),
  (10044, 'mewtwo-mega-y', 1.5, 33.0),
  (10045, 'ampharos-mega', 1.4, 61.5),
  (10046, 'scizor-mega', 2.0, 125.0),
  (10047, 'heracross-mega', 1.7, 62.5),
  (10048, 'houndoom-mega', 1.9, 49.5),
  (10049, 'tyranitar-mega', 2.5, 255.0),
  (10050, 'blaziken-mega', 1.9, 52.0),
  (10051, 'gardevoir-mega', 1.6, 48.4),
  (10052, 'mawile-mega', 1.0, 23.5),
  (10053, 'aggron-mega', 2.2, 395.0),
  (10054, 'medicham-mega', 1.3, 31.5),
  (10055, 'manectric-mega', 1.8, 44.0),
  (10056, 'banette-mega', 1.2, 13.0),
  (10057, 'absol-mega', 1.2, 49.0),
  (10058, 'garchomp-mega', 1.9, 95.0),
  (10059, 'lucario-mega', 1.3, 57.5),
  (10060, 'abomasnow-mega', 2.7, 185.0),
  (10061, 'floette-eternal', 0.2, 0.9),
  (10062, 'latias-mega', 1.8, 52.0),
  (10063, 'latios-mega', 2.3, 70.0),
  (10064, 'swampert-mega', 1.9, 102.0),
  (10065, 'sceptile-mega', 1.9, 55.2),
  (10066, 'sableye-mega', 0.5, 161.0),
  (10067, 'altaria-mega', 1.5, 20.6),
  (10068, 'gallade-mega', 1.6, 56.4),
  (10069, 'audino-mega', 1.5, 32.0),
  (10070, 'sharpedo-mega', 2.5, 130.3),
  (10071, 'slowbro-mega', 2.0, 120.0),
  (10072, 'steelix-mega', 10.5, 740.0),
  (10073, 'pidgeot-mega', 2.2, 50.5),
  (10074, 'glalie-mega', 2.1, 350.2),
  (10075, 'diancie-mega', 1.1, 27.8),
  (10076, 'metagross-mega', 2.5, 942.9),
  (10077, 'kyogre-primal', 9.8, 430.0),
  (10078, 'groudon-primal', 5.0, 999.7),
  (10079, 'rayquaza-mega', 10.8, 392.0),
  (10080, 'pikachu-rock-star', 0.4, 6.0),
  (10081, 'pikachu-belle', 0.4, 6.0),
  (10082, 'pikachu-pop-star', 0.4, 6.0),
  (10083, 'pikachu-phd', 0.4, 6.0),
  (10084, 'pikachu-libre', 0.4, 6.0),
  (10085, 'pikachu-cosplay', 0.4, 6.0),
  (10086, 'hoopa-unbound', 6.5, 490.0),
  (10087, 'camerupt-mega', 2.5, 320.5),
  (10088, 'lopunny-mega', 1.3, 28.3),
  (10089, 'salamence-mega', 1.8, 112.6),
  (10090, 'beedrill-mega', 1.4, 40.5),
  (10091, 'rattata-alola', 0.3, 3.8),
  (10092, 'raticate-alola', 0.7, 25.5),
  (10093, 'raticate-totem-alola', 1.4, 105.0),
  (10094, 'pikachu-original-cap', 0.4, 6.0),
  (10095, 'pikachu-hoenn-cap', 0.4, 6.0),
  (10096, 'pikachu-sinnoh-cap', 0.4, 6.0),
  (10097, 'pikachu-unova-cap', 0.4, 6.0),
  (10098, 'pikachu-kalos-cap', 0.4, 6.0),
  (10099, 'pikachu-alola-cap', 0.4, 6.0),
  (10100, 'raichu-alola', 0.7, 21.0),
  (10101, 'sandshrew-alola', 0.7, 40.0),
  (10102, 'sandslash-alola', 1.2, 55.0),
  (10103, 'vulpix-alola', 0.6, 9.9),
  (10104, 'ninetales-alola', 1.1, 19.9),
  (10105, 'diglett-alola', 0.2, 1.0),
  (10106, 'dugtrio-alola', 0.7, 66.6),
  (10107, 'meowth-alola', 0.4, 4.2),
  (10108, 'persian-alola', 1.1, 33.0),
  (10109, 'geodude-alola', 0.4, 20.3),
  (10110, 'graveler-alola', 1.0, 110.0),
  (10111, 'golem-alola', 1.7, 316.0),
  (10112, 'grimer-alola', 0.7, 42.0),
  (10113, 'muk-alola', 1.0, 52.0),
  (10114, 'exeggutor-alola', 10.9, 415.6),
  (10115, 'marowak-alola', 1.0, 34.0),
  (10116, 'greninja-battle-bond', 1.5, 40.0),
  (10117, 'greninja-ash', 1.5, 40.0),
  (10118, 'zygarde-10-power-construct', 1.2, 33.5),
  (10119, 'zygarde-50-power-construct', 5.0, 305.0),
  (10120, 'zygarde-complete', 4.5, 610.0),
  (10121, 'gumshoos-totem', 1.4, 60.0),
  (10122, 'vikavolt-totem', 2.6, 147.5),
  (10123, 'oricorio-pom-pom', 0.6, 3.4),
  (10124, 'oricorio-pau', 0.6, 3.4),
  (10125, 'oricorio-sensu', 0.6, 3.4),
  (10126, 'lycanroc-midnight', 1.1, 25.0),
  (10127, 'wishiwashi-school', 8.2, 78.6),
  (10128, 'lurantis-totem', 1.5, 58.0),
  (10129, 'salazzle-totem', 2.1, 81.0),
  (10130, 'minior-orange-meteor', 0.3, 40.0),
  (10131, 'minior-yellow-meteor', 0.3, 40.0),
  (10132, 'minior-green-meteor', 0.3, 40.0),
  (10133, 'minior-blue-meteor', 0.3, 40.0),
  (10134, 'minior-indigo-meteor', 0.3, 40.0),
  (10135, 'minior-violet-meteor', 0.3, 40.0),
  (10136, 'minior-red', 0.3, 0.3),
  (10137, 'minior-orange', 0.3, 0.3),
  (10138, 'minior-yellow', 0.3, 0.3),
  (10139, 'minior-green', 0.3, 0.3),
  (10140, 'minior-blue', 0.3, 0.3),
  (10141, 'minior-indigo', 0.3, 0.3),
  (10142, 'minior-violet', 0.3, 0.3),
  (10143, 'mimikyu-busted', 0.2, 0.7),
  (10144, 'mimikyu-totem-disguised', 0.4, 2.8),
  (10145, 'mimikyu-totem-busted', 0.4, 2.8),
  (10146, 'kommo-o-totem', 2.4, 207.5),
  (10147, 'magearna-original', 1.0, 80.5),
  (10148, 'pikachu-partner-cap', 0.4, 6.0),
  (10149, 'marowak-totem', 1.7, 98.0),
  (10150, 'ribombee-totem', 0.4, 2.0),
  (10151, 'rockruff-own-tempo', 0.5, 9.2),
  (10152, 'lycanroc-dusk', 0.8, 25.0),
  (10153, 'araquanid-totem', 3.1, 217.5),
  (10154, 'togedemaru-totem', 0.6, 13.0),
  (10155, 'necrozma-dusk', 3.8, 460.0),
  (10156, 'necrozma-dawn', 4.2, 350.0),
  (10157, 'necrozma-ultra', 7.5, 230.0),
  (10158, 'pikachu-starter', 0.4, 6.0),
  (10159, 'eevee-starter', 0.3, 6.5),
  (10160, 'pikachu-world-cap', 0.4, 6.0),
  (10161, 'meowth-galar', 0.4, 7.5),
  (10162, 'ponyta-galar', 0.8, 24.0),
  (10163, 'rapidash-galar', 1.7, 80.0),
  (10164, 'slowpoke-galar', 1.2, 36.0),
  (10165, 'slowbro-galar', 1.6, 70.5),
  (10166, 'farfetchd-galar', 0.8, 42.0),
  (10167, 'weezing-galar', 3.0, 16.0),
  (10168, 'mr-mime-galar', 1.4, 56.8),
  (10169, 'articuno-galar', 1.7, 50.9),
  (10170, 'zapdos-galar', 1.6, 58.2),
  (10171, 'moltres-galar', 2.0, 66.0),
  (10172, 'slowking-galar', 1.8, 79.5),
  (10173, 'corsola-galar', 0.6, 0.5),
  (10174, 'zigzagoon-galar', 0.4, 17.5),
  (10175, 'linoone-galar', 0.5, 32.5),
  (10176, 'darumaka-galar', 0.7, 40.0),
  (10177, 'darmanitan-galar-standard', 1.7, 120.0),
  (10178, 'darmanitan-galar-zen', 1.7, 120.0),
  (10179, 'yamask-galar', 0.5, 1.5),
  (10180, 'stunfisk-galar', 0.7, 20.5),
  (10181, 'zygarde-10', 1.2, 33.5),
  (10182, 'cramorant-gulping', 0.8, 18.0),
  (10183, 'cramorant-gorging', 0.8, 18.0),
  (10184, 'toxtricity-low-key', 1.6, 40.0),
  (10185, 'eiscue-noice', 1.4, 89.0),
  (10186, 'indeedee-female', 0.9, 28.0),
  (10187, 'morpeko-hangry', 0.3, 3.0),
  (10188, 'zacian-crowned', 2.8, 355.0),
  (10189, 'zamazenta-crowned', 2.9, 785.0),
  (10190, 'eternatus-eternamax', 100.0, 0.0),
  (10191, 'urshifu-rapid-strike', 1.9, 105.0),
  (10192, 'zarude-dada', 1.8, 70.0),
  (10193, 'calyrex-ice', 2.4, 809.1),
  (10194, 'calyrex-shadow', 2.4, 53.6),
  (10195, 'venusaur-gmax', 24.0, 1000.0),
  (10196, 'charizard-gmax', 28.0, 1000.0),
  (10197, 'blastoise-gmax', 25.0, 1000.0),
  (10198, 'butterfree-gmax', 17.0, 1000.0),
  (10199, 'pikachu-gmax', 21.0, 1000.0),
  (10200, 'meowth-gmax', 33.0, 1000.0),
  (10201, 'machamp-gmax', 25.0, 1000.0),
  (10202, 'gengar-gmax', 20.0, 1000.0),
  (10203, 'kingler-gmax', 19.0, 1000.0),
  (10204, 'lapras-gmax', 24.0, 1000.0),
  (10205, 'eevee-gmax', 18.0, 1000.0),
  (10206, 'snorlax-gmax', 35.0, 1000.0),
  (10207, 'garbodor-gmax', 21.0, 1000.0),
  (10208, 'melmetal-gmax', 25.0, 1000.0),
  (10209, 'rillaboom-gmax', 28.0, 1000.0),
  (10210, 'cinderace-gmax', 27.0, 1000.0),
  (10211, 'inteleon-gmax', 40.0, 1000.0),
  (10212, 'corviknight-gmax', 14.0, 1000.0),
  (10213, 'orbeetle-gmax', 14.0, 1000.0),
  (10214, 'drednaw-gmax', 24.0, 1000.0),
  (10215, 'coalossal-gmax', 42.0, 1000.0),
  (10216, 'flapple-gmax', 24.0, 1000.0),
  (10217, 'appletun-gmax', 24.0, 1000.0),
  (10218, 'sandaconda-gmax', 22.0, 1000.0),
  (10219, 'toxtricity-amped-gmax', 24.0, 1000.0),
  (10220, 'centiskorch-gmax', 75.0, 1000.0),
  (10221, 'hatterene-gmax', 26.0, 1000.0),
  (10222, 'grimmsnarl-gmax', 32.0, 1000.0),
  (10223, 'alcremie-gmax', 30.0, 1000.0),
  (10224, 'copperajah-gmax', 23.0, 1000.0),
  (10225, 'duraludon-gmax', 43.0, 1000.0),
  (10226, 'urshifu-single-strike-gmax', 29.0, 1000.0),
  (10227, 'urshifu-rapid-strike-gmax', 26.0, 1000.0),
  (10228, 'toxtricity-low-key-gmax', 24.0, 1000.0)
;

INSERT INTO type (id, name) VALUES
  (1, 'normal'),
  (2, 'fighting'),
  (3, 'flying'),
  (4, 'poison'),
  (5, 'ground'),
  (6, 'rock'),
  (7, 'bug'),
  (8, 'ghost'),
  (9, 'steel'),
  (10, 'fire'),
  (11, 'water'),
  (12, 'grass'),
  (13, 'electric'),
  (14, 'psychic'),
  (15, 'ice'),
  (16, 'dragon'),
  (17, 'dark'),
  (18, 'fairy'),
  (10001, 'unknown'),
  (10002, 'shadow')
;

INSERT INTO ability (id, name) VALUES
  (1, 'stench'),
  (2, 'drizzle'),
  (3, 'speed-boost'),
  (4, 'battle-armor'),
  (5, 'sturdy'),
  (6, 'damp'),
  (7, 'limber'),
  (8, 'sand-veil'),
  (9, 'static'),
  (10, 'volt-absorb'),
  (11, 'water-absorb'),
  (12, 'oblivious'),
  (13, 'cloud-nine'),
  (14, 'compound-eyes'),
  (15, 'insomnia'),
  (16, 'color-change'),
  (17, 'immunity'),
  (18, 'flash-fire'),
  (19, 'shield-dust'),
  (20, 'own-tempo'),
  (21, 'suction-cups'),
  (22, 'intimidate'),
  (23, 'shadow-tag'),
  (24, 'rough-skin'),
  (25, 'wonder-guard'),
  (26, 'levitate'),
  (27, 'effect-spore'),
  (28, 'synchronize'),
  (29, 'clear-body'),
  (30, 'natural-cure'),
  (31, 'lightning-rod'),
  (32, 'serene-grace'),
  (33, 'swift-swim'),
  (34, 'chlorophyll'),
  (35, 'illuminate'),
  (36, 'trace'),
  (37, 'huge-power'),
  (38, 'poison-point'),
  (39, 'inner-focus'),
  (40, 'magma-armor'),
  (41, 'water-veil'),
  (42, 'magnet-pull'),
  (43, 'soundproof'),
  (44, 'rain-dish'),
  (45, 'sand-stream'),
  (46, 'pressure'),
  (47, 'thick-fat'),
  (48, 'early-bird'),
  (49, 'flame-body'),
  (50, 'run-away'),
  (51, 'keen-eye'),
  (52, 'hyper-cutter'),
  (53, 'pickup'),
  (54, 'truant'),
  (55, 'hustle'),
  (56, 'cute-charm'),
  (57, 'plus'),
  (58, 'minus'),
  (59, 'forecast'),
  (60, 'sticky-hold'),
  (61, 'shed-skin'),
  (62, 'guts'),
  (63, 'marvel-scale'),
  (64, 'liquid-ooze'),
  (65, 'overgrow'),
  (66, 'blaze'),
  (67, 'torrent'),
  (68, 'swarm'),
  (69, 'rock-head'),
  (70, 'drought'),
  (71, 'arena-trap'),
  (72, 'vital-spirit'),
  (73, 'white-smoke'),
  (74, 'pure-power'),
  (75, 'shell-armor'),
  (76, 'air-lock'),
  (77, 'tangled-feet'),
  (78, 'motor-drive'),
  (79, 'rivalry'),
  (80, 'steadfast'),
  (81, 'snow-cloak'),
  (82, 'gluttony'),
  (83, 'anger-point'),
  (84, 'unburden'),
  (85, 'heatproof'),
  (86, 'simple'),
  (87, 'dry-skin'),
  (88, 'download'),
  (89, 'iron-fist'),
  (90, 'poison-heal'),
  (91, 'adaptability'),
  (92, 'skill-link'),
  (93, 'hydration'),
  (94, 'solar-power'),
  (95, 'quick-feet'),
  (96, 'normalize'),
  (97, 'sniper'),
  (98, 'magic-guard'),
  (99, 'no-guard'),
  (100, 'stall'),
  (101, 'technician'),
  (102, 'leaf-guard'),
  (103, 'klutz'),
  (104, 'mold-breaker'),
  (105, 'super-luck'),
  (106, 'aftermath'),
  (107, 'anticipation'),
  (108, 'forewarn'),
  (109, 'unaware'),
  (110, 'tinted-lens'),
  (111, 'filter'),
  (112, 'slow-start'),
  (113, 'scrappy'),
  (114, 'storm-drain'),
  (115, 'ice-body'),
  (116, 'solid-rock'),
  (117, 'snow-warning'),
  (118, 'honey-gather'),
  (119, 'frisk'),
  (120, 'reckless'),
  (121, 'multitype'),
  (122, 'flower-gift'),
  (123, 'bad-dreams'),
  (124, 'pickpocket'),
  (125, 'sheer-force'),
  (126, 'contrary'),
  (127, 'unnerve'),
  (128, 'defiant'),
  (129, 'defeatist'),
  (130, 'cursed-body'),
  (131, 'healer'),
  (132, 'friend-guard'),
  (133, 'weak-armor'),
  (134, 'heavy-metal'),
  (135, 'light-metal'),
  (136, 'multiscale'),
  (137, 'toxic-boost'),
  (138, 'flare-boost'),
  (139, 'harvest'),
  (140, 'telepathy'),
  (141, 'moody'),
  (142, 'overcoat'),
  (143, 'poison-touch'),
  (144, 'regenerator'),
  (145, 'big-pecks'),
  (146, 'sand-rush'),
  (147, 'wonder-skin'),
  (148, 'analytic'),
  (149, 'illusion'),
  (150, 'imposter'),
  (151, 'infiltrator'),
  (152, 'mummy'),
  (153, 'moxie'),
  (154, 'justified'),
  (155, 'rattled'),
  (156, 'magic-bounce'),
  (157, 'sap-sipper'),
  (158, 'prankster'),
  (159, 'sand-force'),
  (160, 'iron-barbs'),
  (161, 'zen-mode'),
  (162, 'victory-star'),
  (163, 'turboblaze'),
  (164, 'teravolt'),
  (165, 'aroma-veil'),
  (166, 'flower-veil'),
  (167, 'cheek-pouch'),
  (168, 'protean'),
  (169, 'fur-coat'),
  (170, 'magician'),
  (171, 'bulletproof'),
  (172, 'competitive'),
  (173, 'strong-jaw'),
  (174, 'refrigerate'),
  (175, 'sweet-veil'),
  (176, 'stance-change'),
  (177, 'gale-wings'),
  (178, 'mega-launcher'),
  (179, 'grass-pelt'),
  (180, 'symbiosis'),
  (181, 'tough-claws'),
  (182, 'pixilate'),
  (183, 'gooey'),
  (184, 'aerilate'),
  (185, 'parental-bond'),
  (186, 'dark-aura'),
  (187, 'fairy-aura'),
  (188, 'aura-break'),
  (189, 'primordial-sea'),
  (190, 'desolate-land'),
  (191, 'delta-stream'),
  (192, 'stamina'),
  (193, 'wimp-out'),
  (194, 'emergency-exit'),
  (195, 'water-compaction'),
  (196, 'merciless'),
  (197, 'shields-down'),
  (198, 'stakeout'),
  (199, 'water-bubble'),
  (200, 'steelworker'),
  (201, 'berserk'),
  (202, 'slush-rush'),
  (203, 'long-reach'),
  (204, 'liquid-voice'),
  (205, 'triage'),
  (206, 'galvanize'),
  (207, 'surge-surfer'),
  (208, 'schooling'),
  (209, 'disguise'),
  (210, 'battle-bond'),
  (211, 'power-construct'),
  (212, 'corrosion'),
  (213, 'comatose'),
  (214, 'queenly-majesty'),
  (215, 'innards-out'),
  (216, 'dancer'),
  (217, 'battery'),
  (218, 'fluffy'),
  (219, 'dazzling'),
  (220, 'soul-heart'),
  (221, 'tangling-hair'),
  (222, 'receiver'),
  (223, 'power-of-alchemy'),
  (224, 'beast-boost'),
  (225, 'rks-system'),
  (226, 'electric-surge'),
  (227, 'psychic-surge'),
  (228, 'misty-surge'),
  (229, 'grassy-surge'),
  (230, 'full-metal-body'),
  (231, 'shadow-shield'),
  (232, 'prism-armor'),
  (233, 'neuroforce'),
  (234, 'intrepid-sword'),
  (235, 'dauntless-shield'),
  (236, 'libero'),
  (237, 'ball-fetch'),
  (238, 'cotton-down'),
  (239, 'propeller-tail'),
  (240, 'mirror-armor'),
  (241, 'gulp-missile'),
  (242, 'stalwart'),
  (243, 'steam-engine'),
  (244, 'punk-rock'),
  (245, 'sand-spit'),
  (246, 'ice-scales'),
  (247, 'ripen'),
  (248, 'ice-face'),
  (249, 'power-spot'),
  (250, 'mimicry'),
  (251, 'screen-cleaner'),
  (252, 'steely-spirit'),
  (253, 'perish-body'),
  (254, 'wandering-spirit'),
  (255, 'gorilla-tactics'),
  (256, 'neutralizing-gas'),
  (257, 'pastel-veil'),
  (258, 'hunger-switch'),
  (259, 'quick-draw'),
  (260, 'unseen-fist'),
  (261, 'curious-medicine'),
  (262, 'transistor'),
  (263, 'dragons-maw'),
  (264, 'chilling-neigh'),
  (265, 'grim-neigh'),
  (266, 'as-one-glastrier'),
  (267, 'as-one-spectrier'),
  (10001, 'mountaineer'),
  (10002, 'wave-rider'),
  (10003, 'skater'),
  (10004, 'thrust'),
  (10005, 'perception'),
  (10006, 'parry'),
  (10007, 'instinct'),
  (10008, 'dodge'),
  (10009, 'jagged-edge'),
  (10010, 'frostbite'),
  (10011, 'tenacity'),
  (10012, 'pride'),
  (10013, 'deep-sleep'),
  (10014, 'power-nap'),
  (10015, 'spirit'),
  (10016, 'warm-blanket'),
  (10017, 'gulp'),
  (10018, 'herbivore'),
  (10019, 'sandpit'),
  (10020, 'hot-blooded'),
  (10021, 'medic'),
  (10022, 'life-force'),
  (10023, 'lunchbox'),
  (10024, 'nurse'),
  (10025, 'melee'),
  (10026, 'sponge'),
  (10027, 'bodyguard'),
  (10028, 'hero'),
  (10029, 'last-bastion'),
  (10030, 'stealth'),
  (10031, 'vanguard'),
  (10032, 'nomad'),
  (10033, 'sequence'),
  (10034, 'grass-cloak'),
  (10035, 'celebrate'),
  (10036, 'lullaby'),
  (10037, 'calming'),
  (10038, 'daze'),
  (10039, 'frighten'),
  (10040, 'interference'),
  (10041, 'mood-maker'),
  (10042, 'confidence'),
  (10043, 'fortune'),
  (10044, 'bonanza'),
  (10045, 'explode'),
  (10046, 'omnipotent'),
  (10047, 'share'),
  (10048, 'black-hole'),
  (10049, 'shadow-dash'),
  (10050, 'sprint'),
  (10051, 'disgust'),
  (10052, 'high-rise'),
  (10053, 'climber'),
  (10054, 'flame-boost'),
  (10055, 'aqua-boost'),
  (10056, 'run-up'),
  (10057, 'conqueror'),
  (10058, 'shackle'),
  (10059, 'decoy'),
  (10060, 'shield')
;

INSERT INTO pokemon_type (pokemon_id, type_id) VALUES
  (1, 12),
  (1, 4),
  (2, 12),
  (2, 4),
  (3, 12),
  (3, 4),
  (4, 10),
  (5, 10),
  (6, 10),
  (6, 3),
  (7, 11),
  (8, 11),
  (9, 11),
  (10, 7),
  (11, 7),
  (12, 7),
  (12, 3),
  (13, 7),
  (13, 4),
  (14, 7),
  (14, 4),
  (15, 7),
  (15, 4),
  (16, 1),
  (16, 3),
  (17, 1),
  (17, 3),
  (18, 1),
  (18, 3),
  (19, 1),
  (20, 1),
  (21, 1),
  (21, 3),
  (22, 1),
  (22, 3),
  (23, 4),
  (24, 4),
  (25, 13),
  (26, 13),
  (27, 5),
  (28, 5),
  (29, 4),
  (30, 4),
  (31, 4),
  (31, 5),
  (32, 4),
  (33, 4),
  (34, 4),
  (34, 5),
  (35, 18),
  (36, 18),
  (37, 10),
  (38, 10),
  (39, 1),
  (39, 18),
  (40, 1),
  (40, 18),
  (41, 4),
  (41, 3),
  (42, 4),
  (42, 3),
  (43, 12),
  (43, 4),
  (44, 12),
  (44, 4),
  (45, 12),
  (45, 4),
  (46, 7),
  (46, 12),
  (47, 7),
  (47, 12),
  (48, 7),
  (48, 4),
  (49, 7),
  (49, 4),
  (50, 5),
  (51, 5),
  (52, 1),
  (53, 1),
  (54, 11),
  (55, 11),
  (56, 2),
  (57, 2),
  (58, 10),
  (59, 10),
  (60, 11),
  (61, 11),
  (62, 11),
  (62, 2),
  (63, 14),
  (64, 14),
  (65, 14),
  (66, 2),
  (67, 2),
  (68, 2),
  (69, 12),
  (69, 4),
  (70, 12),
  (70, 4),
  (71, 12),
  (71, 4),
  (72, 11),
  (72, 4),
  (73, 11),
  (73, 4),
  (74, 6),
  (74, 5),
  (75, 6),
  (75, 5),
  (76, 6),
  (76, 5),
  (77, 10),
  (78, 10),
  (79, 11),
  (79, 14),
  (80, 11),
  (80, 14),
  (81, 13),
  (81, 9),
  (82, 13),
  (82, 9),
  (83, 1),
  (83, 3),
  (84, 1),
  (84, 3),
  (85, 1),
  (85, 3),
  (86, 11),
  (87, 11),
  (87, 15),
  (88, 4),
  (89, 4),
  (90, 11),
  (91, 11),
  (91, 15),
  (92, 8),
  (92, 4),
  (93, 8),
  (93, 4),
  (94, 8),
  (94, 4),
  (95, 6),
  (95, 5),
  (96, 14),
  (97, 14),
  (98, 11),
  (99, 11),
  (100, 13),
  (101, 13),
  (102, 12),
  (102, 14),
  (103, 12),
  (103, 14),
  (104, 5),
  (105, 5),
  (106, 2),
  (107, 2),
  (108, 1),
  (109, 4),
  (110, 4),
  (111, 5),
  (111, 6),
  (112, 5),
  (112, 6),
  (113, 1),
  (114, 12),
  (115, 1),
  (116, 11),
  (117, 11),
  (118, 11),
  (119, 11),
  (120, 11),
  (121, 11),
  (121, 14),
  (122, 14),
  (122, 18),
  (123, 7),
  (123, 3),
  (124, 15),
  (124, 14),
  (125, 13),
  (126, 10),
  (127, 7),
  (128, 1),
  (129, 11),
  (130, 11),
  (130, 3),
  (131, 11),
  (131, 15),
  (132, 1),
  (133, 1),
  (134, 11),
  (135, 13),
  (136, 10),
  (137, 1),
  (138, 6),
  (138, 11),
  (139, 6),
  (139, 11),
  (140, 6),
  (140, 11),
  (141, 6),
  (141, 11),
  (142, 6),
  (142, 3),
  (143, 1),
  (144, 15),
  (144, 3),
  (145, 13),
  (145, 3),
  (146, 10),
  (146, 3),
  (147, 16),
  (148, 16),
  (149, 16),
  (149, 3),
  (150, 14),
  (151, 14),
  (152, 12),
  (153, 12),
  (154, 12),
  (155, 10),
  (156, 10),
  (157, 10),
  (158, 11),
  (159, 11),
  (160, 11),
  (161, 1),
  (162, 1),
  (163, 1),
  (163, 3),
  (164, 1),
  (164, 3),
  (165, 7),
  (165, 3),
  (166, 7),
  (166, 3),
  (167, 7),
  (167, 4),
  (168, 7),
  (168, 4),
  (169, 4),
  (169, 3),
  (170, 11),
  (170, 13),
  (171, 11),
  (171, 13),
  (172, 13),
  (173, 18),
  (174, 1),
  (174, 18),
  (175, 18),
  (176, 18),
  (176, 3),
  (177, 14),
  (177, 3),
  (178, 14),
  (178, 3),
  (179, 13),
  (180, 13),
  (181, 13),
  (182, 12),
  (183, 11),
  (183, 18),
  (184, 11),
  (184, 18),
  (185, 6),
  (186, 11),
  (187, 12),
  (187, 3),
  (188, 12),
  (188, 3),
  (189, 12),
  (189, 3),
  (190, 1),
  (191, 12),
  (192, 12),
  (193, 7),
  (193, 3),
  (194, 11),
  (194, 5),
  (195, 11),
  (195, 5),
  (196, 14),
  (197, 17),
  (198, 17),
  (198, 3),
  (199, 11),
  (199, 14),
  (200, 8),
  (201, 14),
  (202, 14),
  (203, 1),
  (203, 14),
  (204, 7),
  (205, 7),
  (205, 9),
  (206, 1),
  (207, 5),
  (207, 3),
  (208, 9),
  (208, 5),
  (209, 18),
  (210, 18),
  (211, 11),
  (211, 4),
  (212, 7),
  (212, 9),
  (213, 7),
  (213, 6),
  (214, 7),
  (214, 2),
  (215, 17),
  (215, 15),
  (216, 1),
  (217, 1),
  (218, 10),
  (219, 10),
  (219, 6),
  (220, 15),
  (220, 5),
  (221, 15),
  (221, 5),
  (222, 11),
  (222, 6),
  (223, 11),
  (224, 11),
  (225, 15),
  (225, 3),
  (226, 11),
  (226, 3),
  (227, 9),
  (227, 3),
  (228, 17),
  (228, 10),
  (229, 17),
  (229, 10),
  (230, 11),
  (230, 16),
  (231, 5),
  (232, 5),
  (233, 1),
  (234, 1),
  (235, 1),
  (236, 2),
  (237, 2),
  (238, 15),
  (238, 14),
  (239, 13),
  (240, 10),
  (241, 1),
  (242, 1),
  (243, 13),
  (244, 10),
  (245, 11),
  (246, 6),
  (246, 5),
  (247, 6),
  (247, 5),
  (248, 6),
  (248, 17),
  (249, 14),
  (249, 3),
  (250, 10),
  (250, 3),
  (251, 14),
  (251, 12),
  (252, 12),
  (253, 12),
  (254, 12),
  (255, 10),
  (256, 10),
  (256, 2),
  (257, 10),
  (257, 2),
  (258, 11),
  (259, 11),
  (259, 5),
  (260, 11),
  (260, 5),
  (261, 17),
  (262, 17),
  (263, 1),
  (264, 1),
  (265, 7),
  (266, 7),
  (267, 7),
  (267, 3),
  (268, 7),
  (269, 7),
  (269, 4),
  (270, 11),
  (270, 12),
  (271, 11),
  (271, 12),
  (272, 11),
  (272, 12),
  (273, 12),
  (274, 12),
  (274, 17),
  (275, 12),
  (275, 17),
  (276, 1),
  (276, 3),
  (277, 1),
  (277, 3),
  (278, 11),
  (278, 3),
  (279, 11),
  (279, 3),
  (280, 14),
  (280, 18),
  (281, 14),
  (281, 18),
  (282, 14),
  (282, 18),
  (283, 7),
  (283, 11),
  (284, 7),
  (284, 3),
  (285, 12),
  (286, 12),
  (286, 2),
  (287, 1),
  (288, 1),
  (289, 1),
  (290, 7),
  (290, 5),
  (291, 7),
  (291, 3),
  (292, 7),
  (292, 8),
  (293, 1),
  (294, 1),
  (295, 1),
  (296, 2),
  (297, 2),
  (298, 1),
  (298, 18),
  (299, 6),
  (300, 1),
  (301, 1),
  (302, 17),
  (302, 8),
  (303, 9),
  (303, 18),
  (304, 9),
  (304, 6),
  (305, 9),
  (305, 6),
  (306, 9),
  (306, 6),
  (307, 2),
  (307, 14),
  (308, 2),
  (308, 14),
  (309, 13),
  (310, 13),
  (311, 13),
  (312, 13),
  (313, 7),
  (314, 7),
  (315, 12),
  (315, 4),
  (316, 4),
  (317, 4),
  (318, 11),
  (318, 17),
  (319, 11),
  (319, 17),
  (320, 11),
  (321, 11),
  (322, 10),
  (322, 5),
  (323, 10),
  (323, 5),
  (324, 10),
  (325, 14),
  (326, 14),
  (327, 1),
  (328, 5),
  (329, 5),
  (329, 16),
  (330, 5),
  (330, 16),
  (331, 12),
  (332, 12),
  (332, 17),
  (333, 1),
  (333, 3),
  (334, 16),
  (334, 3),
  (335, 1),
  (336, 4),
  (337, 6),
  (337, 14),
  (338, 6),
  (338, 14),
  (339, 11),
  (339, 5),
  (340, 11),
  (340, 5),
  (341, 11),
  (342, 11),
  (342, 17),
  (343, 5),
  (343, 14),
  (344, 5),
  (344, 14),
  (345, 6),
  (345, 12),
  (346, 6),
  (346, 12),
  (347, 6),
  (347, 7),
  (348, 6),
  (348, 7),
  (349, 11),
  (350, 11),
  (351, 1),
  (352, 1),
  (353, 8),
  (354, 8),
  (355, 8),
  (356, 8),
  (357, 12),
  (357, 3),
  (358, 14),
  (359, 17),
  (360, 14),
  (361, 15),
  (362, 15),
  (363, 15),
  (363, 11),
  (364, 15),
  (364, 11),
  (365, 15),
  (365, 11),
  (366, 11),
  (367, 11),
  (368, 11),
  (369, 11),
  (369, 6),
  (370, 11),
  (371, 16),
  (372, 16),
  (373, 16),
  (373, 3),
  (374, 9),
  (374, 14),
  (375, 9),
  (375, 14),
  (376, 9),
  (376, 14),
  (377, 6),
  (378, 15),
  (379, 9),
  (380, 16),
  (380, 14),
  (381, 16),
  (381, 14),
  (382, 11),
  (383, 5),
  (384, 16),
  (384, 3),
  (385, 9),
  (385, 14),
  (386, 14),
  (387, 12),
  (388, 12),
  (389, 12),
  (389, 5),
  (390, 10),
  (391, 10),
  (391, 2),
  (392, 10),
  (392, 2),
  (393, 11),
  (394, 11),
  (395, 11),
  (395, 9),
  (396, 1),
  (396, 3),
  (397, 1),
  (397, 3),
  (398, 1),
  (398, 3),
  (399, 1),
  (400, 1),
  (400, 11),
  (401, 7),
  (402, 7),
  (403, 13),
  (404, 13),
  (405, 13),
  (406, 12),
  (406, 4),
  (407, 12),
  (407, 4),
  (408, 6),
  (409, 6),
  (410, 6),
  (410, 9),
  (411, 6),
  (411, 9),
  (412, 7),
  (413, 7),
  (413, 12),
  (414, 7),
  (414, 3),
  (415, 7),
  (415, 3),
  (416, 7),
  (416, 3),
  (417, 13),
  (418, 11),
  (419, 11),
  (420, 12),
  (421, 12),
  (422, 11),
  (423, 11),
  (423, 5),
  (424, 1),
  (425, 8),
  (425, 3),
  (426, 8),
  (426, 3),
  (427, 1),
  (428, 1),
  (429, 8),
  (430, 17),
  (430, 3),
  (431, 1),
  (432, 1),
  (433, 14),
  (434, 4),
  (434, 17),
  (435, 4),
  (435, 17),
  (436, 9),
  (436, 14),
  (437, 9),
  (437, 14),
  (438, 6),
  (439, 14),
  (439, 18),
  (440, 1),
  (441, 1),
  (441, 3),
  (442, 8),
  (442, 17),
  (443, 16),
  (443, 5),
  (444, 16),
  (444, 5),
  (445, 16),
  (445, 5),
  (446, 1),
  (447, 2),
  (448, 2),
  (448, 9),
  (449, 5),
  (450, 5),
  (451, 4),
  (451, 7),
  (452, 4),
  (452, 17),
  (453, 4),
  (453, 2),
  (454, 4),
  (454, 2),
  (455, 12),
  (456, 11),
  (457, 11),
  (458, 11),
  (458, 3),
  (459, 12),
  (459, 15),
  (460, 12),
  (460, 15),
  (461, 17),
  (461, 15),
  (462, 13),
  (462, 9),
  (463, 1),
  (464, 5),
  (464, 6),
  (465, 12),
  (466, 13),
  (467, 10),
  (468, 18),
  (468, 3),
  (469, 7),
  (469, 3),
  (470, 12),
  (471, 15),
  (472, 5),
  (472, 3),
  (473, 15),
  (473, 5),
  (474, 1),
  (475, 14),
  (475, 2),
  (476, 6),
  (476, 9),
  (477, 8),
  (478, 15),
  (478, 8),
  (479, 13),
  (479, 8),
  (480, 14),
  (481, 14),
  (482, 14),
  (483, 9),
  (483, 16),
  (484, 11),
  (484, 16),
  (485, 10),
  (485, 9),
  (486, 1),
  (487, 8),
  (487, 16),
  (488, 14),
  (489, 11),
  (490, 11),
  (491, 17),
  (492, 12),
  (493, 1),
  (494, 14),
  (494, 10),
  (495, 12),
  (496, 12),
  (497, 12),
  (498, 10),
  (499, 10),
  (499, 2),
  (500, 10),
  (500, 2),
  (501, 11),
  (502, 11),
  (503, 11),
  (504, 1),
  (505, 1),
  (506, 1),
  (507, 1),
  (508, 1),
  (509, 17),
  (510, 17),
  (511, 12),
  (512, 12),
  (513, 10),
  (514, 10),
  (515, 11),
  (516, 11),
  (517, 14),
  (518, 14),
  (519, 1),
  (519, 3),
  (520, 1),
  (520, 3),
  (521, 1),
  (521, 3),
  (522, 13),
  (523, 13),
  (524, 6),
  (525, 6),
  (526, 6),
  (527, 14),
  (527, 3),
  (528, 14),
  (528, 3),
  (529, 5),
  (530, 5),
  (530, 9),
  (531, 1),
  (532, 2),
  (533, 2),
  (534, 2),
  (535, 11),
  (536, 11),
  (536, 5),
  (537, 11),
  (537, 5),
  (538, 2),
  (539, 2),
  (540, 7),
  (540, 12),
  (541, 7),
  (541, 12),
  (542, 7),
  (542, 12),
  (543, 7),
  (543, 4),
  (544, 7),
  (544, 4),
  (545, 7),
  (545, 4),
  (546, 12),
  (546, 18),
  (547, 12),
  (547, 18),
  (548, 12),
  (549, 12),
  (550, 11),
  (551, 5),
  (551, 17),
  (552, 5),
  (552, 17),
  (553, 5),
  (553, 17),
  (554, 10),
  (555, 10),
  (556, 12),
  (557, 7),
  (557, 6),
  (558, 7),
  (558, 6),
  (559, 17),
  (559, 2),
  (560, 17),
  (560, 2),
  (561, 14),
  (561, 3),
  (562, 8),
  (563, 8),
  (564, 11),
  (564, 6),
  (565, 11),
  (565, 6),
  (566, 6),
  (566, 3),
  (567, 6),
  (567, 3),
  (568, 4),
  (569, 4),
  (570, 17),
  (571, 17),
  (572, 1),
  (573, 1),
  (574, 14),
  (575, 14),
  (576, 14),
  (577, 14),
  (578, 14),
  (579, 14),
  (580, 11),
  (580, 3),
  (581, 11),
  (581, 3),
  (582, 15),
  (583, 15),
  (584, 15),
  (585, 1),
  (585, 12),
  (586, 1),
  (586, 12),
  (587, 13),
  (587, 3),
  (588, 7),
  (589, 7),
  (589, 9),
  (590, 12),
  (590, 4),
  (591, 12),
  (591, 4),
  (592, 11),
  (592, 8),
  (593, 11),
  (593, 8),
  (594, 11),
  (595, 7),
  (595, 13),
  (596, 7),
  (596, 13),
  (597, 12),
  (597, 9),
  (598, 12),
  (598, 9),
  (599, 9),
  (600, 9),
  (601, 9),
  (602, 13),
  (603, 13),
  (604, 13),
  (605, 14),
  (606, 14),
  (607, 8),
  (607, 10),
  (608, 8),
  (608, 10),
  (609, 8),
  (609, 10),
  (610, 16),
  (611, 16),
  (612, 16),
  (613, 15),
  (614, 15),
  (615, 15),
  (616, 7),
  (617, 7),
  (618, 5),
  (618, 13),
  (619, 2),
  (620, 2),
  (621, 16),
  (622, 5),
  (622, 8),
  (623, 5),
  (623, 8),
  (624, 17),
  (624, 9),
  (625, 17),
  (625, 9),
  (626, 1),
  (627, 1),
  (627, 3),
  (628, 1),
  (628, 3),
  (629, 17),
  (629, 3),
  (630, 17),
  (630, 3),
  (631, 10),
  (632, 7),
  (632, 9),
  (633, 17),
  (633, 16),
  (634, 17),
  (634, 16),
  (635, 17),
  (635, 16),
  (636, 7),
  (636, 10),
  (637, 7),
  (637, 10),
  (638, 9),
  (638, 2),
  (639, 6),
  (639, 2),
  (640, 12),
  (640, 2),
  (641, 3),
  (642, 13),
  (642, 3),
  (643, 16),
  (643, 10),
  (644, 16),
  (644, 13),
  (645, 5),
  (645, 3),
  (646, 16),
  (646, 15),
  (647, 11),
  (647, 2),
  (648, 1),
  (648, 14),
  (649, 7),
  (649, 9),
  (650, 12),
  (651, 12),
  (652, 12),
  (652, 2),
  (653, 10),
  (654, 10),
  (655, 10),
  (655, 14),
  (656, 11),
  (657, 11),
  (658, 11),
  (658, 17),
  (659, 1),
  (660, 1),
  (660, 5),
  (661, 1),
  (661, 3),
  (662, 10),
  (662, 3),
  (663, 10),
  (663, 3),
  (664, 7),
  (665, 7),
  (666, 7),
  (666, 3),
  (667, 10),
  (667, 1),
  (668, 10),
  (668, 1),
  (669, 18),
  (670, 18),
  (671, 18),
  (672, 12),
  (673, 12),
  (674, 2),
  (675, 2),
  (675, 17),
  (676, 1),
  (677, 14),
  (678, 14),
  (679, 9),
  (679, 8),
  (680, 9),
  (680, 8),
  (681, 9),
  (681, 8),
  (682, 18),
  (683, 18),
  (684, 18),
  (685, 18),
  (686, 17),
  (686, 14),
  (687, 17),
  (687, 14),
  (688, 6),
  (688, 11),
  (689, 6),
  (689, 11),
  (690, 4),
  (690, 11),
  (691, 4),
  (691, 16),
  (692, 11),
  (693, 11),
  (694, 13),
  (694, 1),
  (695, 13),
  (695, 1),
  (696, 6),
  (696, 16),
  (697, 6),
  (697, 16),
  (698, 6),
  (698, 15),
  (699, 6),
  (699, 15),
  (700, 18),
  (701, 2),
  (701, 3),
  (702, 13),
  (702, 18),
  (703, 6),
  (703, 18),
  (704, 16),
  (705, 16),
  (706, 16),
  (707, 9),
  (707, 18),
  (708, 8),
  (708, 12),
  (709, 8),
  (709, 12),
  (710, 8),
  (710, 12),
  (711, 8),
  (711, 12),
  (712, 15),
  (713, 15),
  (714, 3),
  (714, 16),
  (715, 3),
  (715, 16),
  (716, 18),
  (717, 17),
  (717, 3),
  (718, 16),
  (718, 5),
  (719, 6),
  (719, 18),
  (720, 14),
  (720, 8),
  (721, 10),
  (721, 11),
  (722, 12),
  (722, 3),
  (723, 12),
  (723, 3),
  (724, 12),
  (724, 8),
  (725, 10),
  (726, 10),
  (727, 10),
  (727, 17),
  (728, 11),
  (729, 11),
  (730, 11),
  (730, 18),
  (731, 1),
  (731, 3),
  (732, 1),
  (732, 3),
  (733, 1),
  (733, 3),
  (734, 1),
  (735, 1),
  (736, 7),
  (737, 7),
  (737, 13),
  (738, 7),
  (738, 13),
  (739, 2),
  (740, 2),
  (740, 15),
  (741, 10),
  (741, 3),
  (742, 7),
  (742, 18),
  (743, 7),
  (743, 18),
  (744, 6),
  (745, 6),
  (746, 11),
  (747, 4),
  (747, 11),
  (748, 4),
  (748, 11),
  (749, 5),
  (750, 5),
  (751, 11),
  (751, 7),
  (752, 11),
  (752, 7),
  (753, 12),
  (754, 12),
  (755, 12),
  (755, 18),
  (756, 12),
  (756, 18),
  (757, 4),
  (757, 10),
  (758, 4),
  (758, 10),
  (759, 1),
  (759, 2),
  (760, 1),
  (760, 2),
  (761, 12),
  (762, 12),
  (763, 12),
  (764, 18),
  (765, 1),
  (765, 14),
  (766, 2),
  (767, 7),
  (767, 11),
  (768, 7),
  (768, 11),
  (769, 8),
  (769, 5),
  (770, 8),
  (770, 5),
  (771, 11),
  (772, 1),
  (773, 1),
  (774, 6),
  (774, 3),
  (775, 1),
  (776, 10),
  (776, 16),
  (777, 13),
  (777, 9),
  (778, 8),
  (778, 18),
  (779, 11),
  (779, 14),
  (780, 1),
  (780, 16),
  (781, 8),
  (781, 12),
  (782, 16),
  (783, 16),
  (783, 2),
  (784, 16),
  (784, 2),
  (785, 13),
  (785, 18),
  (786, 14),
  (786, 18),
  (787, 12),
  (787, 18),
  (788, 11),
  (788, 18),
  (789, 14),
  (790, 14),
  (791, 14),
  (791, 9),
  (792, 14),
  (792, 8),
  (793, 6),
  (793, 4),
  (794, 7),
  (794, 2),
  (795, 7),
  (795, 2),
  (796, 13),
  (797, 9),
  (797, 3),
  (798, 12),
  (798, 9),
  (799, 17),
  (799, 16),
  (800, 14),
  (801, 9),
  (801, 18),
  (802, 2),
  (802, 8),
  (803, 4),
  (804, 4),
  (804, 16),
  (805, 6),
  (805, 9),
  (806, 10),
  (806, 8),
  (807, 13),
  (808, 9),
  (809, 9),
  (810, 12),
  (811, 12),
  (812, 12),
  (813, 10),
  (814, 10),
  (815, 10),
  (816, 11),
  (817, 11),
  (818, 11),
  (819, 1),
  (820, 1),
  (821, 3),
  (822, 3),
  (823, 3),
  (823, 9),
  (824, 7),
  (825, 7),
  (825, 14),
  (826, 7),
  (826, 14),
  (827, 17),
  (828, 17),
  (829, 12),
  (830, 12),
  (831, 1),
  (832, 1),
  (833, 11),
  (834, 11),
  (834, 6),
  (835, 13),
  (836, 13),
  (837, 6),
  (838, 6),
  (838, 10),
  (839, 6),
  (839, 10),
  (840, 12),
  (840, 16),
  (841, 12),
  (841, 16),
  (842, 12),
  (842, 16),
  (843, 5),
  (844, 5),
  (845, 3),
  (845, 11),
  (846, 11),
  (847, 11),
  (848, 13),
  (848, 4),
  (849, 13),
  (849, 4),
  (850, 10),
  (850, 7),
  (851, 10),
  (851, 7),
  (852, 2),
  (853, 2),
  (854, 8),
  (855, 8),
  (856, 14),
  (857, 14),
  (858, 14),
  (858, 18),
  (859, 17),
  (859, 18),
  (860, 17),
  (860, 18),
  (861, 17),
  (861, 18),
  (862, 17),
  (862, 1),
  (863, 9),
  (864, 8),
  (865, 2),
  (866, 15),
  (866, 14),
  (867, 5),
  (867, 8),
  (868, 18),
  (869, 18),
  (870, 2),
  (871, 13),
  (872, 15),
  (872, 7),
  (873, 15),
  (873, 7),
  (874, 6),
  (875, 15),
  (876, 14),
  (876, 1),
  (877, 13),
  (877, 17),
  (878, 9),
  (879, 9),
  (880, 13),
  (880, 16),
  (881, 13),
  (881, 15),
  (882, 11),
  (882, 16),
  (883, 11),
  (883, 15),
  (884, 9),
  (884, 16),
  (885, 16),
  (885, 8),
  (886, 16),
  (886, 8),
  (887, 16),
  (887, 8),
  (888, 18),
  (889, 2),
  (890, 4),
  (890, 16),
  (891, 2),
  (892, 2),
  (892, 17),
  (893, 17),
  (893, 12),
  (894, 13),
  (895, 16),
  (896, 15),
  (897, 8),
  (898, 14),
  (898, 12),
  (10001, 14),
  (10002, 14),
  (10003, 14),
  (10004, 7),
  (10004, 5),
  (10005, 7),
  (10005, 9),
  (10006, 12),
  (10006, 3),
  (10007, 8),
  (10007, 16),
  (10008, 13),
  (10008, 10),
  (10009, 13),
  (10009, 11),
  (10010, 13),
  (10010, 15),
  (10011, 13),
  (10011, 3),
  (10012, 13),
  (10012, 12),
  (10013, 10),
  (10014, 11),
  (10015, 15),
  (10016, 11),
  (10017, 10),
  (10017, 14),
  (10018, 1),
  (10018, 2),
  (10019, 3),
  (10020, 13),
  (10020, 3),
  (10021, 5),
  (10021, 3),
  (10022, 16),
  (10022, 15),
  (10023, 16),
  (10023, 15),
  (10024, 11),
  (10024, 2),
  (10025, 14),
  (10026, 9),
  (10026, 8),
  (10027, 8),
  (10027, 12),
  (10028, 8),
  (10028, 12),
  (10029, 8),
  (10029, 12),
  (10030, 8),
  (10030, 12),
  (10031, 8),
  (10031, 12),
  (10032, 8),
  (10032, 12),
  (10033, 12),
  (10033, 4),
  (10034, 10),
  (10034, 16),
  (10035, 10),
  (10035, 3),
  (10036, 11),
  (10037, 14),
  (10038, 8),
  (10038, 4),
  (10039, 1),
  (10040, 7),
  (10040, 3),
  (10041, 11),
  (10041, 17),
  (10042, 6),
  (10042, 3),
  (10043, 14),
  (10043, 2),
  (10044, 14),
  (10045, 13),
  (10045, 16),
  (10046, 7),
  (10046, 9),
  (10047, 7),
  (10047, 2),
  (10048, 17),
  (10048, 10),
  (10049, 6),
  (10049, 17),
  (10050, 10),
  (10050, 2),
  (10051, 14),
  (10051, 18),
  (10052, 9),
  (10052, 18),
  (10053, 9),
  (10054, 2),
  (10054, 14),
  (10055, 13),
  (10056, 8),
  (10057, 17),
  (10058, 16),
  (10058, 5),
  (10059, 2),
  (10059, 9),
  (10060, 12),
  (10060, 15),
  (10061, 18),
  (10062, 16),
  (10062, 14),
  (10063, 16),
  (10063, 14),
  (10064, 11),
  (10064, 5),
  (10065, 12),
  (10065, 16),
  (10066, 17),
  (10066, 8),
  (10067, 16),
  (10067, 18),
  (10068, 14),
  (10068, 2),
  (10069, 1),
  (10069, 18),
  (10070, 11),
  (10070, 17),
  (10071, 11),
  (10071, 14),
  (10072, 9),
  (10072, 5),
  (10073, 1),
  (10073, 3),
  (10074, 15),
  (10075, 6),
  (10075, 18),
  (10076, 9),
  (10076, 14),
  (10077, 11),
  (10078, 5),
  (10078, 10),
  (10079, 16),
  (10079, 3),
  (10080, 13),
  (10081, 13),
  (10082, 13),
  (10083, 13),
  (10084, 13),
  (10085, 13),
  (10086, 14),
  (10086, 17),
  (10087, 10),
  (10087, 5),
  (10088, 1),
  (10088, 2),
  (10089, 16),
  (10089, 3),
  (10090, 7),
  (10090, 4),
  (10091, 17),
  (10091, 1),
  (10092, 17),
  (10092, 1),
  (10093, 17),
  (10093, 1),
  (10094, 13),
  (10095, 13),
  (10096, 13),
  (10097, 13),
  (10098, 13),
  (10099, 13),
  (10100, 13),
  (10100, 14),
  (10101, 15),
  (10101, 9),
  (10102, 15),
  (10102, 9),
  (10103, 15),
  (10104, 15),
  (10104, 18),
  (10105, 5),
  (10105, 9),
  (10106, 5),
  (10106, 9),
  (10107, 17),
  (10108, 17),
  (10109, 6),
  (10109, 13),
  (10110, 6),
  (10110, 13),
  (10111, 6),
  (10111, 13),
  (10112, 4),
  (10112, 17),
  (10113, 4),
  (10113, 17),
  (10114, 12),
  (10114, 16),
  (10115, 10),
  (10115, 8),
  (10116, 11),
  (10116, 17),
  (10117, 11),
  (10117, 17),
  (10118, 16),
  (10118, 5),
  (10119, 16),
  (10119, 5),
  (10120, 16),
  (10120, 5),
  (10121, 1),
  (10122, 7),
  (10122, 13),
  (10123, 13),
  (10123, 3),
  (10124, 14),
  (10124, 3),
  (10125, 8),
  (10125, 3),
  (10126, 6),
  (10127, 11),
  (10128, 12),
  (10129, 4),
  (10129, 10),
  (10130, 6),
  (10130, 3),
  (10131, 6),
  (10131, 3),
  (10132, 6),
  (10132, 3),
  (10133, 6),
  (10133, 3),
  (10134, 6),
  (10134, 3),
  (10135, 6),
  (10135, 3),
  (10136, 6),
  (10136, 3),
  (10137, 6),
  (10137, 3),
  (10138, 6),
  (10138, 3),
  (10139, 6),
  (10139, 3),
  (10140, 6),
  (10140, 3),
  (10141, 6),
  (10141, 3),
  (10142, 6),
  (10142, 3),
  (10143, 8),
  (10143, 18),
  (10144, 8),
  (10144, 18),
  (10145, 8),
  (10145, 18),
  (10146, 16),
  (10146, 2),
  (10147, 9),
  (10147, 18),
  (10148, 13),
  (10149, 10),
  (10149, 8),
  (10150, 7),
  (10150, 18),
  (10151, 6),
  (10152, 6),
  (10153, 11),
  (10153, 7),
  (10154, 13),
  (10154, 9),
  (10155, 14),
  (10155, 9),
  (10156, 14),
  (10156, 8),
  (10157, 14),
  (10157, 16),
  (10158, 13),
  (10159, 1),
  (10160, 13),
  (10161, 9),
  (10162, 14),
  (10163, 14),
  (10163, 18),
  (10164, 14),
  (10165, 4),
  (10165, 14),
  (10166, 2),
  (10167, 4),
  (10167, 18),
  (10168, 15),
  (10168, 14),
  (10169, 14),
  (10169, 3),
  (10170, 2),
  (10170, 3),
  (10171, 17),
  (10171, 3),
  (10172, 4),
  (10172, 14),
  (10173, 8),
  (10174, 17),
  (10174, 1),
  (10175, 17),
  (10175, 1),
  (10176, 15),
  (10177, 15),
  (10178, 15),
  (10178, 10),
  (10179, 5),
  (10179, 8),
  (10180, 5),
  (10180, 9),
  (10181, 16),
  (10181, 5),
  (10182, 3),
  (10182, 11),
  (10183, 3),
  (10183, 11),
  (10184, 13),
  (10184, 4),
  (10185, 15),
  (10186, 14),
  (10186, 1),
  (10187, 13),
  (10187, 17),
  (10188, 18),
  (10188, 9),
  (10189, 2),
  (10189, 9),
  (10190, 4),
  (10190, 16),
  (10191, 2),
  (10191, 11),
  (10192, 17),
  (10192, 12),
  (10193, 14),
  (10193, 15),
  (10194, 14),
  (10194, 8),
  (10195, 12),
  (10195, 4),
  (10196, 10),
  (10196, 3),
  (10197, 11),
  (10198, 7),
  (10198, 3),
  (10199, 13),
  (10200, 1),
  (10201, 2),
  (10202, 8),
  (10202, 4),
  (10203, 11),
  (10204, 11),
  (10204, 15),
  (10205, 1),
  (10206, 1),
  (10207, 4),
  (10208, 9),
  (10209, 12),
  (10210, 10),
  (10211, 11),
  (10212, 3),
  (10212, 9),
  (10213, 7),
  (10213, 14),
  (10214, 11),
  (10214, 6),
  (10215, 6),
  (10215, 10),
  (10216, 12),
  (10216, 16),
  (10217, 12),
  (10217, 16),
  (10218, 5),
  (10219, 13),
  (10219, 4),
  (10220, 10),
  (10220, 7),
  (10221, 14),
  (10221, 18),
  (10222, 17),
  (10222, 18),
  (10223, 18),
  (10224, 9),
  (10225, 9),
  (10225, 16),
  (10226, 2),
  (10226, 17),
  (10227, 2),
  (10227, 11),
  (10228, 13),
  (10228, 4)
;

INSERT INTO pokemon_ability (pokemon_id, ability_id) VALUES
  (1, 65),
  (1, 34),
  (2, 65),
  (2, 34),
  (3, 65),
  (3, 34),
  (4, 66),
  (4, 94),
  (5, 66),
  (5, 94),
  (6, 66),
  (6, 94),
  (7, 67),
  (7, 44),
  (8, 67),
  (8, 44),
  (9, 67),
  (9, 44),
  (10, 19),
  (10, 50),
  (11, 61),
  (12, 14),
  (12, 110),
  (13, 19),
  (13, 50),
  (14, 61),
  (15, 68),
  (15, 97),
  (16, 51),
  (16, 77),
  (16, 145),
  (17, 51),
  (17, 77),
  (17, 145),
  (18, 51),
  (18, 77),
  (18, 145),
  (19, 50),
  (19, 62),
  (19, 55),
  (20, 50),
  (20, 62),
  (20, 55),
  (21, 51),
  (21, 97),
  (22, 51),
  (22, 97),
  (23, 22),
  (23, 61),
  (23, 127),
  (24, 22),
  (24, 61),
  (24, 127),
  (25, 9),
  (25, 31),
  (26, 9),
  (26, 31),
  (27, 8),
  (27, 146),
  (28, 8),
  (28, 146),
  (29, 38),
  (29, 79),
  (29, 55),
  (30, 38),
  (30, 79),
  (30, 55),
  (31, 38),
  (31, 79),
  (31, 125),
  (32, 38),
  (32, 79),
  (32, 55),
  (33, 38),
  (33, 79),
  (33, 55),
  (34, 38),
  (34, 79),
  (34, 125),
  (35, 56),
  (35, 98),
  (35, 132),
  (36, 56),
  (36, 98),
  (36, 109),
  (37, 18),
  (37, 70),
  (38, 18),
  (38, 70),
  (39, 56),
  (39, 172),
  (39, 132),
  (40, 56),
  (40, 172),
  (40, 119),
  (41, 39),
  (41, 151),
  (42, 39),
  (42, 151),
  (43, 34),
  (43, 50),
  (44, 34),
  (44, 1),
  (45, 34),
  (45, 27),
  (46, 27),
  (46, 87),
  (46, 6),
  (47, 27),
  (47, 87),
  (47, 6),
  (48, 14),
  (48, 110),
  (48, 50),
  (49, 19),
  (49, 110),
  (49, 147),
  (50, 8),
  (50, 71),
  (50, 159),
  (51, 8),
  (51, 71),
  (51, 159),
  (52, 53),
  (52, 101),
  (52, 127),
  (53, 7),
  (53, 101),
  (53, 127),
  (54, 6),
  (54, 13),
  (54, 33),
  (55, 6),
  (55, 13),
  (55, 33),
  (56, 72),
  (56, 83),
  (56, 128),
  (57, 72),
  (57, 83),
  (57, 128),
  (58, 22),
  (58, 18),
  (58, 154),
  (59, 22),
  (59, 18),
  (59, 154),
  (60, 11),
  (60, 6),
  (60, 33),
  (61, 11),
  (61, 6),
  (61, 33),
  (62, 11),
  (62, 6),
  (62, 33),
  (63, 28),
  (63, 39),
  (63, 98),
  (64, 28),
  (64, 39),
  (64, 98),
  (65, 28),
  (65, 39),
  (65, 98),
  (66, 62),
  (66, 99),
  (66, 80),
  (67, 62),
  (67, 99),
  (67, 80),
  (68, 62),
  (68, 99),
  (68, 80),
  (69, 34),
  (69, 82),
  (70, 34),
  (70, 82),
  (71, 34),
  (71, 82),
  (72, 29),
  (72, 64),
  (72, 44),
  (73, 29),
  (73, 64),
  (73, 44),
  (74, 69),
  (74, 5),
  (74, 8),
  (75, 69),
  (75, 5),
  (75, 8),
  (76, 69),
  (76, 5),
  (76, 8),
  (77, 50),
  (77, 18),
  (77, 49),
  (78, 50),
  (78, 18),
  (78, 49),
  (79, 12),
  (79, 20),
  (79, 144),
  (80, 12),
  (80, 20),
  (80, 144),
  (81, 42),
  (81, 5),
  (81, 148),
  (82, 42),
  (82, 5),
  (82, 148),
  (83, 51),
  (83, 39),
  (83, 128),
  (84, 50),
  (84, 48),
  (84, 77),
  (85, 50),
  (85, 48),
  (85, 77),
  (86, 47),
  (86, 93),
  (86, 115),
  (87, 47),
  (87, 93),
  (87, 115),
  (88, 1),
  (88, 60),
  (88, 143),
  (89, 1),
  (89, 60),
  (89, 143),
  (90, 75),
  (90, 92),
  (90, 142),
  (91, 75),
  (91, 92),
  (91, 142),
  (92, 26),
  (93, 26),
  (94, 130),
  (95, 69),
  (95, 5),
  (95, 133),
  (96, 15),
  (96, 108),
  (96, 39),
  (97, 15),
  (97, 108),
  (97, 39),
  (98, 52),
  (98, 75),
  (98, 125),
  (99, 52),
  (99, 75),
  (99, 125),
  (100, 43),
  (100, 9),
  (100, 106),
  (101, 43),
  (101, 9),
  (101, 106),
  (102, 34),
  (102, 139),
  (103, 34),
  (103, 139),
  (104, 69),
  (104, 31),
  (104, 4),
  (105, 69),
  (105, 31),
  (105, 4),
  (106, 7),
  (106, 120),
  (106, 84),
  (107, 51),
  (107, 89),
  (107, 39),
  (108, 20),
  (108, 12),
  (108, 13),
  (109, 26),
  (109, 256),
  (109, 1),
  (110, 26),
  (110, 256),
  (110, 1),
  (111, 31),
  (111, 69),
  (111, 120),
  (112, 31),
  (112, 69),
  (112, 120),
  (113, 30),
  (113, 32),
  (113, 131),
  (114, 34),
  (114, 102),
  (114, 144),
  (115, 48),
  (115, 113),
  (115, 39),
  (116, 33),
  (116, 97),
  (116, 6),
  (117, 38),
  (117, 97),
  (117, 6),
  (118, 33),
  (118, 41),
  (118, 31),
  (119, 33),
  (119, 41),
  (119, 31),
  (120, 35),
  (120, 30),
  (120, 148),
  (121, 35),
  (121, 30),
  (121, 148),
  (122, 43),
  (122, 111),
  (122, 101),
  (123, 68),
  (123, 101),
  (123, 80),
  (124, 12),
  (124, 108),
  (124, 87),
  (125, 9),
  (125, 72),
  (126, 49),
  (126, 72),
  (127, 52),
  (127, 104),
  (127, 153),
  (128, 22),
  (128, 83),
  (128, 125),
  (129, 33),
  (129, 155),
  (130, 22),
  (130, 153),
  (131, 11),
  (131, 75),
  (131, 93),
  (132, 7),
  (132, 150),
  (133, 50),
  (133, 91),
  (133, 107),
  (134, 11),
  (134, 93),
  (135, 10),
  (135, 95),
  (136, 18),
  (136, 62),
  (137, 36),
  (137, 88),
  (137, 148),
  (138, 33),
  (138, 75),
  (138, 133),
  (139, 33),
  (139, 75),
  (139, 133),
  (140, 33),
  (140, 4),
  (140, 133),
  (141, 33),
  (141, 4),
  (141, 133),
  (142, 69),
  (142, 46),
  (142, 127),
  (143, 17),
  (143, 47),
  (143, 82),
  (144, 46),
  (144, 81),
  (145, 46),
  (145, 9),
  (146, 46),
  (146, 49),
  (147, 61),
  (147, 63),
  (148, 61),
  (148, 63),
  (149, 39),
  (149, 136),
  (150, 46),
  (150, 127),
  (151, 28),
  (152, 65),
  (152, 102),
  (153, 65),
  (153, 102),
  (154, 65),
  (154, 102),
  (155, 66),
  (155, 18),
  (156, 66),
  (156, 18),
  (157, 66),
  (157, 18),
  (158, 67),
  (158, 125),
  (159, 67),
  (159, 125),
  (160, 67),
  (160, 125),
  (161, 50),
  (161, 51),
  (161, 119),
  (162, 50),
  (162, 51),
  (162, 119),
  (163, 15),
  (163, 51),
  (163, 110),
  (164, 15),
  (164, 51),
  (164, 110),
  (165, 68),
  (165, 48),
  (165, 155),
  (166, 68),
  (166, 48),
  (166, 89),
  (167, 68),
  (167, 15),
  (167, 97),
  (168, 68),
  (168, 15),
  (168, 97),
  (169, 39),
  (169, 151),
  (170, 10),
  (170, 35),
  (170, 11),
  (171, 10),
  (171, 35),
  (171, 11),
  (172, 9),
  (172, 31),
  (173, 56),
  (173, 98),
  (173, 132),
  (174, 56),
  (174, 172),
  (174, 132),
  (175, 55),
  (175, 32),
  (175, 105),
  (176, 55),
  (176, 32),
  (176, 105),
  (177, 28),
  (177, 48),
  (177, 156),
  (178, 28),
  (178, 48),
  (178, 156),
  (179, 9),
  (179, 57),
  (180, 9),
  (180, 57),
  (181, 9),
  (181, 57),
  (182, 34),
  (182, 131),
  (183, 47),
  (183, 37),
  (183, 157),
  (184, 47),
  (184, 37),
  (184, 157),
  (185, 5),
  (185, 69),
  (185, 155),
  (186, 11),
  (186, 6),
  (186, 2),
  (187, 34),
  (187, 102),
  (187, 151),
  (188, 34),
  (188, 102),
  (188, 151),
  (189, 34),
  (189, 102),
  (189, 151),
  (190, 50),
  (190, 53),
  (190, 92),
  (191, 34),
  (191, 94),
  (191, 48),
  (192, 34),
  (192, 94),
  (192, 48),
  (193, 3),
  (193, 14),
  (193, 119),
  (194, 6),
  (194, 11),
  (194, 109),
  (195, 6),
  (195, 11),
  (195, 109),
  (196, 28),
  (196, 156),
  (197, 28),
  (197, 39),
  (198, 15),
  (198, 105),
  (198, 158),
  (199, 12),
  (199, 20),
  (199, 144),
  (200, 26),
  (201, 26),
  (202, 23),
  (202, 140),
  (203, 39),
  (203, 48),
  (203, 157),
  (204, 5),
  (204, 142),
  (205, 5),
  (205, 142),
  (206, 32),
  (206, 50),
  (206, 155),
  (207, 52),
  (207, 8),
  (207, 17),
  (208, 69),
  (208, 5),
  (208, 125),
  (209, 22),
  (209, 50),
  (209, 155),
  (210, 22),
  (210, 95),
  (210, 155),
  (211, 38),
  (211, 33),
  (211, 22),
  (212, 68),
  (212, 101),
  (212, 135),
  (213, 5),
  (213, 82),
  (213, 126),
  (214, 68),
  (214, 62),
  (214, 153),
  (215, 39),
  (215, 51),
  (215, 124),
  (216, 53),
  (216, 95),
  (216, 118),
  (217, 62),
  (217, 95),
  (217, 127),
  (218, 40),
  (218, 49),
  (218, 133),
  (219, 40),
  (219, 49),
  (219, 133),
  (220, 12),
  (220, 81),
  (220, 47),
  (221, 12),
  (221, 81),
  (221, 47),
  (222, 55),
  (222, 30),
  (222, 144),
  (223, 55),
  (223, 97),
  (223, 141),
  (224, 21),
  (224, 97),
  (224, 141),
  (225, 72),
  (225, 55),
  (225, 15),
  (226, 33),
  (226, 11),
  (226, 41),
  (227, 51),
  (227, 5),
  (227, 133),
  (228, 48),
  (228, 18),
  (228, 127),
  (229, 48),
  (229, 18),
  (229, 127),
  (230, 33),
  (230, 97),
  (230, 6),
  (231, 53),
  (231, 8),
  (232, 5),
  (232, 8),
  (233, 36),
  (233, 88),
  (233, 148),
  (234, 22),
  (234, 119),
  (234, 157),
  (235, 20),
  (235, 101),
  (235, 141),
  (236, 62),
  (236, 80),
  (236, 72),
  (237, 22),
  (237, 101),
  (237, 80),
  (238, 12),
  (238, 108),
  (238, 93),
  (239, 9),
  (239, 72),
  (240, 49),
  (240, 72),
  (241, 47),
  (241, 113),
  (241, 157),
  (242, 30),
  (242, 32),
  (242, 131),
  (243, 46),
  (243, 39),
  (244, 46),
  (244, 39),
  (245, 46),
  (245, 39),
  (246, 62),
  (246, 8),
  (247, 61),
  (248, 45),
  (248, 127),
  (249, 46),
  (249, 136),
  (250, 46),
  (250, 144),
  (251, 30),
  (252, 65),
  (252, 84),
  (253, 65),
  (253, 84),
  (254, 65),
  (254, 84),
  (255, 66),
  (255, 3),
  (256, 66),
  (256, 3),
  (257, 66),
  (257, 3),
  (258, 67),
  (258, 6),
  (259, 67),
  (259, 6),
  (260, 67),
  (260, 6),
  (261, 50),
  (261, 95),
  (261, 155),
  (262, 22),
  (262, 95),
  (262, 153),
  (263, 53),
  (263, 82),
  (263, 95),
  (264, 53),
  (264, 82),
  (264, 95),
  (265, 19),
  (265, 50),
  (266, 61),
  (267, 68),
  (267, 79),
  (268, 61),
  (269, 19),
  (269, 14),
  (270, 33),
  (270, 44),
  (270, 20),
  (271, 33),
  (271, 44),
  (271, 20),
  (272, 33),
  (272, 44),
  (272, 20),
  (273, 34),
  (273, 48),
  (273, 124),
  (274, 34),
  (274, 48),
  (274, 124),
  (275, 34),
  (275, 48),
  (275, 124),
  (276, 62),
  (276, 113),
  (277, 62),
  (277, 113),
  (278, 51),
  (278, 93),
  (278, 44),
  (279, 51),
  (279, 2),
  (279, 44),
  (280, 28),
  (280, 36),
  (280, 140),
  (281, 28),
  (281, 36),
  (281, 140),
  (282, 28),
  (282, 36),
  (282, 140),
  (283, 33),
  (283, 44),
  (284, 22),
  (284, 127),
  (285, 27),
  (285, 90),
  (285, 95),
  (286, 27),
  (286, 90),
  (286, 101),
  (287, 54),
  (288, 72),
  (289, 54),
  (290, 14),
  (290, 50),
  (291, 3),
  (291, 151),
  (292, 25),
  (293, 43),
  (293, 155),
  (294, 43),
  (294, 113),
  (295, 43),
  (295, 113),
  (296, 47),
  (296, 62),
  (296, 125),
  (297, 47),
  (297, 62),
  (297, 125),
  (298, 47),
  (298, 37),
  (298, 157),
  (299, 5),
  (299, 42),
  (299, 159),
  (300, 56),
  (300, 96),
  (300, 147),
  (301, 56),
  (301, 96),
  (301, 147),
  (302, 51),
  (302, 100),
  (302, 158),
  (303, 52),
  (303, 22),
  (303, 125),
  (304, 5),
  (304, 69),
  (304, 134),
  (305, 5),
  (305, 69),
  (305, 134),
  (306, 5),
  (306, 69),
  (306, 134),
  (307, 74),
  (307, 140),
  (308, 74),
  (308, 140),
  (309, 9),
  (309, 31),
  (309, 58),
  (310, 9),
  (310, 31),
  (310, 58),
  (311, 57),
  (311, 31),
  (312, 58),
  (312, 10),
  (313, 35),
  (313, 68),
  (313, 158),
  (314, 12),
  (314, 110),
  (314, 158),
  (315, 30),
  (315, 38),
  (315, 102),
  (316, 64),
  (316, 60),
  (316, 82),
  (317, 64),
  (317, 60),
  (317, 82),
  (318, 24),
  (318, 3),
  (319, 24),
  (319, 3),
  (320, 41),
  (320, 12),
  (320, 46),
  (321, 41),
  (321, 12),
  (321, 46),
  (322, 12),
  (322, 86),
  (322, 20),
  (323, 40),
  (323, 116),
  (323, 83),
  (324, 73),
  (324, 70),
  (324, 75),
  (325, 47),
  (325, 20),
  (325, 82),
  (326, 47),
  (326, 20),
  (326, 82),
  (327, 20),
  (327, 77),
  (327, 126),
  (328, 52),
  (328, 71),
  (328, 125),
  (329, 26),
  (330, 26),
  (331, 8),
  (331, 11),
  (332, 8),
  (332, 11),
  (333, 30),
  (333, 13),
  (334, 30),
  (334, 13),
  (335, 17),
  (335, 137),
  (336, 61),
  (336, 151),
  (337, 26),
  (338, 26),
  (339, 12),
  (339, 107),
  (339, 93),
  (340, 12),
  (340, 107),
  (340, 93),
  (341, 52),
  (341, 75),
  (341, 91),
  (342, 52),
  (342, 75),
  (342, 91),
  (343, 26),
  (344, 26),
  (345, 21),
  (345, 114),
  (346, 21),
  (346, 114),
  (347, 4),
  (347, 33),
  (348, 4),
  (348, 33),
  (349, 33),
  (349, 12),
  (349, 91),
  (350, 63),
  (350, 172),
  (350, 56),
  (351, 59),
  (352, 16),
  (352, 168),
  (353, 15),
  (353, 119),
  (353, 130),
  (354, 15),
  (354, 119),
  (354, 130),
  (355, 26),
  (355, 119),
  (356, 46),
  (356, 119),
  (357, 34),
  (357, 94),
  (357, 139),
  (358, 26),
  (359, 46),
  (359, 105),
  (359, 154),
  (360, 23),
  (360, 140),
  (361, 39),
  (361, 115),
  (361, 141),
  (362, 39),
  (362, 115),
  (362, 141),
  (363, 47),
  (363, 115),
  (363, 12),
  (364, 47),
  (364, 115),
  (364, 12),
  (365, 47),
  (365, 115),
  (365, 12),
  (366, 75),
  (366, 155),
  (367, 33),
  (367, 41),
  (368, 33),
  (368, 93),
  (369, 33),
  (369, 69),
  (369, 5),
  (370, 33),
  (370, 93),
  (371, 69),
  (371, 125),
  (372, 69),
  (372, 142),
  (373, 22),
  (373, 153),
  (374, 29),
  (374, 135),
  (375, 29),
  (375, 135),
  (376, 29),
  (376, 135),
  (377, 29),
  (377, 5),
  (378, 29),
  (378, 115),
  (379, 29),
  (379, 135),
  (380, 26),
  (381, 26),
  (382, 2),
  (383, 70),
  (384, 76),
  (385, 32),
  (386, 46),
  (387, 65),
  (387, 75),
  (388, 65),
  (388, 75),
  (389, 65),
  (389, 75),
  (390, 66),
  (390, 89),
  (391, 66),
  (391, 89),
  (392, 66),
  (392, 89),
  (393, 67),
  (393, 128),
  (394, 67),
  (394, 128),
  (395, 67),
  (395, 128),
  (396, 51),
  (396, 120),
  (397, 22),
  (397, 120),
  (398, 22),
  (398, 120),
  (399, 86),
  (399, 109),
  (399, 141),
  (400, 86),
  (400, 109),
  (400, 141),
  (401, 61),
  (401, 50),
  (402, 68),
  (402, 101),
  (403, 79),
  (403, 22),
  (403, 62),
  (404, 79),
  (404, 22),
  (404, 62),
  (405, 79),
  (405, 22),
  (405, 62),
  (406, 30),
  (406, 38),
  (406, 102),
  (407, 30),
  (407, 38),
  (407, 101),
  (408, 104),
  (408, 125),
  (409, 104),
  (409, 125),
  (410, 5),
  (410, 43),
  (411, 5),
  (411, 43),
  (412, 61),
  (412, 142),
  (413, 107),
  (413, 142),
  (414, 68),
  (414, 110),
  (415, 118),
  (415, 55),
  (416, 46),
  (416, 127),
  (417, 50),
  (417, 53),
  (417, 10),
  (418, 33),
  (418, 41),
  (419, 33),
  (419, 41),
  (420, 34),
  (421, 122),
  (422, 60),
  (422, 114),
  (422, 159),
  (423, 60),
  (423, 114),
  (423, 159),
  (424, 101),
  (424, 53),
  (424, 92),
  (425, 106),
  (425, 84),
  (425, 138),
  (426, 106),
  (426, 84),
  (426, 138),
  (427, 50),
  (427, 103),
  (427, 7),
  (428, 56),
  (428, 103),
  (428, 7),
  (429, 26),
  (430, 15),
  (430, 105),
  (430, 153),
  (431, 7),
  (431, 20),
  (431, 51),
  (432, 47),
  (432, 20),
  (432, 128),
  (433, 26),
  (434, 1),
  (434, 106),
  (434, 51),
  (435, 1),
  (435, 106),
  (435, 51),
  (436, 26),
  (436, 85),
  (436, 134),
  (437, 26),
  (437, 85),
  (437, 134),
  (438, 5),
  (438, 69),
  (438, 155),
  (439, 43),
  (439, 111),
  (439, 101),
  (440, 30),
  (440, 32),
  (440, 132),
  (441, 51),
  (441, 77),
  (441, 145),
  (442, 46),
  (442, 151),
  (443, 8),
  (443, 24),
  (444, 8),
  (444, 24),
  (445, 8),
  (445, 24),
  (446, 53),
  (446, 47),
  (446, 82),
  (447, 80),
  (447, 39),
  (447, 158),
  (448, 80),
  (448, 39),
  (448, 154),
  (449, 45),
  (449, 159),
  (450, 45),
  (450, 159),
  (451, 4),
  (451, 97),
  (451, 51),
  (452, 4),
  (452, 97),
  (452, 51),
  (453, 107),
  (453, 87),
  (453, 143),
  (454, 107),
  (454, 87),
  (454, 143),
  (455, 26),
  (456, 33),
  (456, 114),
  (456, 41),
  (457, 33),
  (457, 114),
  (457, 41),
  (458, 33),
  (458, 11),
  (458, 41),
  (459, 117),
  (459, 43),
  (460, 117),
  (460, 43),
  (461, 46),
  (461, 124),
  (462, 42),
  (462, 5),
  (462, 148),
  (463, 20),
  (463, 12),
  (463, 13),
  (464, 31),
  (464, 116),
  (464, 120),
  (465, 34),
  (465, 102),
  (465, 144),
  (466, 78),
  (466, 72),
  (467, 49),
  (467, 72),
  (468, 55),
  (468, 32),
  (468, 105),
  (469, 3),
  (469, 110),
  (469, 119),
  (470, 102),
  (470, 34),
  (471, 81),
  (471, 115),
  (472, 52),
  (472, 8),
  (472, 90),
  (473, 12),
  (473, 81),
  (473, 47),
  (474, 91),
  (474, 88),
  (474, 148),
  (475, 80),
  (475, 154),
  (476, 5),
  (476, 42),
  (476, 159),
  (477, 46),
  (477, 119),
  (478, 81),
  (478, 130),
  (479, 26),
  (480, 26),
  (481, 26),
  (482, 26),
  (483, 46),
  (483, 140),
  (484, 46),
  (484, 140),
  (485, 18),
  (485, 49),
  (486, 112),
  (487, 46),
  (487, 140),
  (488, 26),
  (489, 93),
  (490, 93),
  (491, 123),
  (492, 30),
  (493, 121),
  (494, 162),
  (495, 65),
  (495, 126),
  (496, 65),
  (496, 126),
  (497, 65),
  (497, 126),
  (498, 66),
  (498, 47),
  (499, 66),
  (499, 47),
  (500, 66),
  (500, 120),
  (501, 67),
  (501, 75),
  (502, 67),
  (502, 75),
  (503, 67),
  (503, 75),
  (504, 50),
  (504, 51),
  (504, 148),
  (505, 35),
  (505, 51),
  (505, 148),
  (506, 72),
  (506, 53),
  (506, 50),
  (507, 22),
  (507, 146),
  (507, 113),
  (508, 22),
  (508, 146),
  (508, 113),
  (509, 7),
  (509, 84),
  (509, 158),
  (510, 7),
  (510, 84),
  (510, 158),
  (511, 82),
  (511, 65),
  (512, 82),
  (512, 65),
  (513, 82),
  (513, 66),
  (514, 82),
  (514, 66),
  (515, 82),
  (515, 67),
  (516, 82),
  (516, 67),
  (517, 108),
  (517, 28),
  (517, 140),
  (518, 108),
  (518, 28),
  (518, 140),
  (519, 145),
  (519, 105),
  (519, 79),
  (520, 145),
  (520, 105),
  (520, 79),
  (521, 145),
  (521, 105),
  (521, 79),
  (522, 31),
  (522, 78),
  (522, 157),
  (523, 31),
  (523, 78),
  (523, 157),
  (524, 5),
  (524, 133),
  (524, 159),
  (525, 5),
  (525, 133),
  (525, 159),
  (526, 5),
  (526, 45),
  (526, 159),
  (527, 109),
  (527, 103),
  (527, 86),
  (528, 109),
  (528, 103),
  (528, 86),
  (529, 146),
  (529, 159),
  (529, 104),
  (530, 146),
  (530, 159),
  (530, 104),
  (531, 131),
  (531, 144),
  (531, 103),
  (532, 62),
  (532, 125),
  (532, 89),
  (533, 62),
  (533, 125),
  (533, 89),
  (534, 62),
  (534, 125),
  (534, 89),
  (535, 33),
  (535, 93),
  (535, 11),
  (536, 33),
  (536, 93),
  (536, 11),
  (537, 33),
  (537, 143),
  (537, 11),
  (538, 62),
  (538, 39),
  (538, 104),
  (539, 5),
  (539, 39),
  (539, 104),
  (540, 68),
  (540, 34),
  (540, 142),
  (541, 102),
  (541, 34),
  (541, 142),
  (542, 68),
  (542, 34),
  (542, 142),
  (543, 38),
  (543, 68),
  (543, 3),
  (544, 38),
  (544, 68),
  (544, 3),
  (545, 38),
  (545, 68),
  (545, 3),
  (546, 158),
  (546, 151),
  (546, 34),
  (547, 158),
  (547, 151),
  (547, 34),
  (548, 34),
  (548, 20),
  (548, 102),
  (549, 34),
  (549, 20),
  (549, 102),
  (550, 120),
  (550, 91),
  (550, 104),
  (551, 22),
  (551, 153),
  (551, 83),
  (552, 22),
  (552, 153),
  (552, 83),
  (553, 22),
  (553, 153),
  (553, 83),
  (554, 55),
  (554, 39),
  (555, 125),
  (555, 161),
  (556, 11),
  (556, 34),
  (556, 114),
  (557, 5),
  (557, 75),
  (557, 133),
  (558, 5),
  (558, 75),
  (558, 133),
  (559, 61),
  (559, 153),
  (559, 22),
  (560, 61),
  (560, 153),
  (560, 22),
  (561, 147),
  (561, 98),
  (561, 110),
  (562, 152),
  (563, 152),
  (564, 116),
  (564, 5),
  (564, 33),
  (565, 116),
  (565, 5),
  (565, 33),
  (566, 129),
  (567, 129),
  (568, 1),
  (568, 60),
  (568, 106),
  (569, 1),
  (569, 133),
  (569, 106),
  (570, 149),
  (571, 149),
  (572, 56),
  (572, 101),
  (572, 92),
  (573, 56),
  (573, 101),
  (573, 92),
  (574, 119),
  (574, 172),
  (574, 23),
  (575, 119),
  (575, 172),
  (575, 23),
  (576, 119),
  (576, 172),
  (576, 23),
  (577, 142),
  (577, 98),
  (577, 144),
  (578, 142),
  (578, 98),
  (578, 144),
  (579, 142),
  (579, 98),
  (579, 144),
  (580, 51),
  (580, 145),
  (580, 93),
  (581, 51),
  (581, 145),
  (581, 93),
  (582, 115),
  (582, 81),
  (582, 133),
  (583, 115),
  (583, 81),
  (583, 133),
  (584, 115),
  (584, 117),
  (584, 133),
  (585, 34),
  (585, 157),
  (585, 32),
  (586, 34),
  (586, 157),
  (586, 32),
  (587, 9),
  (587, 78),
  (588, 68),
  (588, 61),
  (588, 99),
  (589, 68),
  (589, 75),
  (589, 142),
  (590, 27),
  (590, 144),
  (591, 27),
  (591, 144),
  (592, 11),
  (592, 130),
  (592, 6),
  (593, 11),
  (593, 130),
  (593, 6),
  (594, 131),
  (594, 93),
  (594, 144),
  (595, 14),
  (595, 127),
  (595, 68),
  (596, 14),
  (596, 127),
  (596, 68),
  (597, 160),
  (598, 160),
  (598, 107),
  (599, 57),
  (599, 58),
  (599, 29),
  (600, 57),
  (600, 58),
  (600, 29),
  (601, 57),
  (601, 58),
  (601, 29),
  (602, 26),
  (603, 26),
  (604, 26),
  (605, 140),
  (605, 28),
  (605, 148),
  (606, 140),
  (606, 28),
  (606, 148),
  (607, 18),
  (607, 49),
  (607, 151),
  (608, 18),
  (608, 49),
  (608, 151),
  (609, 18),
  (609, 49),
  (609, 151),
  (610, 79),
  (610, 104),
  (610, 127),
  (611, 79),
  (611, 104),
  (611, 127),
  (612, 79),
  (612, 104),
  (612, 127),
  (613, 81),
  (613, 202),
  (613, 155),
  (614, 81),
  (614, 202),
  (614, 33),
  (615, 26),
  (616, 93),
  (616, 75),
  (616, 142),
  (617, 93),
  (617, 60),
  (617, 84),
  (618, 9),
  (618, 7),
  (618, 8),
  (619, 39),
  (619, 144),
  (619, 120),
  (620, 39),
  (620, 144),
  (620, 120),
  (621, 24),
  (621, 125),
  (621, 104),
  (622, 89),
  (622, 103),
  (622, 99),
  (623, 89),
  (623, 103),
  (623, 99),
  (624, 128),
  (624, 39),
  (624, 46),
  (625, 128),
  (625, 39),
  (625, 46),
  (626, 120),
  (626, 157),
  (626, 43),
  (627, 51),
  (627, 125),
  (627, 55),
  (628, 51),
  (628, 125),
  (628, 128),
  (629, 145),
  (629, 142),
  (629, 133),
  (630, 145),
  (630, 142),
  (630, 133),
  (631, 82),
  (631, 18),
  (631, 73),
  (632, 68),
  (632, 55),
  (632, 54),
  (633, 55),
  (634, 55),
  (635, 26),
  (636, 49),
  (636, 68),
  (637, 49),
  (637, 68),
  (638, 154),
  (639, 154),
  (640, 154),
  (641, 158),
  (641, 128),
  (642, 158),
  (642, 128),
  (643, 163),
  (644, 164),
  (645, 159),
  (645, 125),
  (646, 46),
  (647, 154),
  (648, 32),
  (649, 88),
  (650, 65),
  (650, 171),
  (651, 65),
  (651, 171),
  (652, 65),
  (652, 171),
  (653, 66),
  (653, 170),
  (654, 66),
  (654, 170),
  (655, 66),
  (655, 170),
  (656, 67),
  (656, 168),
  (657, 67),
  (657, 168),
  (658, 67),
  (658, 168),
  (659, 53),
  (659, 167),
  (659, 37),
  (660, 53),
  (660, 167),
  (660, 37),
  (661, 145),
  (661, 177),
  (662, 49),
  (662, 177),
  (663, 49),
  (663, 177),
  (664, 19),
  (664, 14),
  (664, 132),
  (665, 61),
  (665, 132),
  (666, 19),
  (666, 14),
  (666, 132),
  (667, 79),
  (667, 127),
  (667, 153),
  (668, 79),
  (668, 127),
  (668, 153),
  (669, 166),
  (669, 180),
  (670, 166),
  (670, 180),
  (671, 166),
  (671, 180),
  (672, 157),
  (672, 179),
  (673, 157),
  (673, 179),
  (674, 89),
  (674, 104),
  (674, 113),
  (675, 89),
  (675, 104),
  (675, 113),
  (676, 169),
  (677, 51),
  (677, 151),
  (677, 20),
  (678, 51),
  (678, 151),
  (678, 158),
  (679, 99),
  (680, 99),
  (681, 176),
  (682, 131),
  (682, 165),
  (683, 131),
  (683, 165),
  (684, 175),
  (684, 84),
  (685, 175),
  (685, 84),
  (686, 126),
  (686, 21),
  (686, 151),
  (687, 126),
  (687, 21),
  (687, 151),
  (688, 181),
  (688, 97),
  (688, 124),
  (689, 181),
  (689, 97),
  (689, 124),
  (690, 38),
  (690, 143),
  (690, 91),
  (691, 38),
  (691, 143),
  (691, 91),
  (692, 178),
  (693, 178),
  (694, 87),
  (694, 8),
  (694, 94),
  (695, 87),
  (695, 8),
  (695, 94),
  (696, 173),
  (696, 5),
  (697, 173),
  (697, 69),
  (698, 174),
  (698, 117),
  (699, 174),
  (699, 117),
  (700, 56),
  (700, 182),
  (701, 7),
  (701, 84),
  (701, 104),
  (702, 167),
  (702, 53),
  (702, 57),
  (703, 29),
  (703, 5),
  (704, 157),
  (704, 93),
  (704, 183),
  (705, 157),
  (705, 93),
  (705, 183),
  (706, 157),
  (706, 93),
  (706, 183),
  (707, 158),
  (707, 170),
  (708, 30),
  (708, 119),
  (708, 139),
  (709, 30),
  (709, 119),
  (709, 139),
  (710, 53),
  (710, 119),
  (710, 15),
  (711, 53),
  (711, 119),
  (711, 15),
  (712, 20),
  (712, 115),
  (712, 5),
  (713, 20),
  (713, 115),
  (713, 5),
  (714, 119),
  (714, 151),
  (714, 140),
  (715, 119),
  (715, 151),
  (715, 140),
  (716, 187),
  (717, 186),
  (718, 188),
  (719, 29),
  (720, 170),
  (721, 11),
  (722, 65),
  (722, 203),
  (723, 65),
  (723, 203),
  (724, 65),
  (724, 203),
  (725, 66),
  (725, 22),
  (726, 66),
  (726, 22),
  (727, 66),
  (727, 22),
  (728, 67),
  (728, 204),
  (729, 67),
  (729, 204),
  (730, 67),
  (730, 204),
  (731, 51),
  (731, 92),
  (731, 53),
  (732, 51),
  (732, 92),
  (732, 53),
  (733, 51),
  (733, 92),
  (733, 125),
  (734, 198),
  (734, 173),
  (734, 91),
  (735, 198),
  (735, 173),
  (735, 91),
  (736, 68),
  (737, 217),
  (738, 26),
  (739, 52),
  (739, 89),
  (739, 83),
  (740, 52),
  (740, 89),
  (740, 83),
  (741, 216),
  (742, 118),
  (742, 19),
  (742, 175),
  (743, 118),
  (743, 19),
  (743, 175),
  (744, 51),
  (744, 72),
  (744, 80),
  (745, 51),
  (745, 146),
  (745, 80),
  (746, 208),
  (747, 196),
  (747, 7),
  (747, 144),
  (748, 196),
  (748, 7),
  (748, 144),
  (749, 20),
  (749, 192),
  (749, 39),
  (750, 20),
  (750, 192),
  (750, 39),
  (751, 199),
  (751, 11),
  (752, 199),
  (752, 11),
  (753, 102),
  (753, 126),
  (754, 102),
  (754, 126),
  (755, 35),
  (755, 27),
  (755, 44),
  (756, 35),
  (756, 27),
  (756, 44),
  (757, 212),
  (757, 12),
  (758, 212),
  (758, 12),
  (759, 218),
  (759, 103),
  (759, 56),
  (760, 218),
  (760, 103),
  (760, 127),
  (761, 102),
  (761, 12),
  (761, 175),
  (762, 102),
  (762, 12),
  (762, 175),
  (763, 102),
  (763, 214),
  (763, 175),
  (764, 166),
  (764, 205),
  (764, 30),
  (765, 39),
  (765, 140),
  (765, 180),
  (766, 222),
  (766, 128),
  (767, 193),
  (768, 194),
  (769, 195),
  (769, 8),
  (770, 195),
  (770, 8),
  (771, 215),
  (771, 109),
  (772, 4),
  (773, 225),
  (774, 197),
  (775, 213),
  (776, 75),
  (777, 160),
  (777, 31),
  (777, 5),
  (778, 209),
  (779, 219),
  (779, 173),
  (779, 147),
  (780, 201),
  (780, 157),
  (780, 13),
  (781, 200),
  (782, 171),
  (782, 43),
  (782, 142),
  (783, 171),
  (783, 43),
  (783, 142),
  (784, 171),
  (784, 43),
  (784, 142),
  (785, 226),
  (785, 140),
  (786, 227),
  (786, 140),
  (787, 229),
  (787, 140),
  (788, 228),
  (788, 140),
  (789, 109),
  (790, 5),
  (791, 230),
  (792, 231),
  (793, 224),
  (794, 224),
  (795, 224),
  (796, 224),
  (797, 224),
  (798, 224),
  (799, 224),
  (800, 232),
  (801, 220),
  (802, 101),
  (803, 224),
  (804, 224),
  (805, 224),
  (806, 224),
  (807, 10),
  (808, 42),
  (809, 89),
  (810, 65),
  (810, 229),
  (811, 65),
  (811, 229),
  (812, 65),
  (812, 229),
  (813, 66),
  (813, 236),
  (814, 66),
  (814, 236),
  (815, 66),
  (815, 236),
  (816, 67),
  (816, 97),
  (817, 67),
  (817, 97),
  (818, 67),
  (818, 97),
  (819, 167),
  (819, 82),
  (820, 167),
  (820, 82),
  (821, 51),
  (821, 127),
  (821, 145),
  (822, 51),
  (822, 127),
  (822, 145),
  (823, 46),
  (823, 127),
  (823, 240),
  (824, 68),
  (824, 14),
  (824, 140),
  (825, 68),
  (825, 14),
  (825, 140),
  (826, 68),
  (826, 119),
  (826, 140),
  (827, 50),
  (827, 84),
  (827, 198),
  (828, 50),
  (828, 84),
  (828, 198),
  (829, 238),
  (829, 144),
  (829, 27),
  (830, 238),
  (830, 144),
  (830, 27),
  (831, 218),
  (831, 50),
  (831, 171),
  (832, 218),
  (832, 80),
  (832, 171),
  (833, 173),
  (833, 75),
  (833, 33),
  (834, 173),
  (834, 75),
  (834, 33),
  (835, 237),
  (835, 155),
  (836, 173),
  (836, 172),
  (837, 243),
  (837, 85),
  (837, 18),
  (838, 243),
  (838, 49),
  (838, 18),
  (839, 243),
  (839, 49),
  (839, 18),
  (840, 247),
  (840, 82),
  (840, 171),
  (841, 247),
  (841, 82),
  (841, 55),
  (842, 247),
  (842, 82),
  (842, 47),
  (843, 245),
  (843, 61),
  (843, 8),
  (844, 245),
  (844, 61),
  (844, 8),
  (845, 241),
  (846, 33),
  (846, 239),
  (847, 33),
  (847, 239),
  (848, 155),
  (848, 9),
  (848, 103),
  (849, 244),
  (849, 57),
  (849, 101),
  (850, 18),
  (850, 73),
  (850, 49),
  (851, 18),
  (851, 73),
  (851, 49),
  (852, 7),
  (852, 101),
  (853, 7),
  (853, 101),
  (854, 133),
  (854, 130),
  (855, 133),
  (855, 130),
  (856, 131),
  (856, 107),
  (856, 156),
  (857, 131),
  (857, 107),
  (857, 156),
  (858, 131),
  (858, 107),
  (858, 156),
  (859, 158),
  (859, 119),
  (859, 124),
  (860, 158),
  (860, 119),
  (860, 124),
  (861, 158),
  (861, 119),
  (861, 124),
  (862, 120),
  (862, 62),
  (862, 128),
  (863, 4),
  (863, 181),
  (863, 252),
  (864, 133),
  (864, 253),
  (865, 80),
  (865, 113),
  (866, 77),
  (866, 251),
  (866, 115),
  (867, 254),
  (868, 175),
  (868, 165),
  (869, 175),
  (869, 165),
  (870, 4),
  (870, 128),
  (871, 31),
  (871, 226),
  (872, 19),
  (872, 246),
  (873, 19),
  (873, 246),
  (874, 249),
  (875, 248),
  (876, 39),
  (876, 28),
  (876, 227),
  (877, 258),
  (878, 125),
  (878, 134),
  (879, 125),
  (879, 134),
  (880, 10),
  (880, 55),
  (880, 146),
  (881, 10),
  (881, 9),
  (881, 202),
  (882, 11),
  (882, 173),
  (882, 146),
  (883, 11),
  (883, 115),
  (883, 202),
  (884, 135),
  (884, 134),
  (884, 242),
  (885, 29),
  (885, 151),
  (885, 130),
  (886, 29),
  (886, 151),
  (886, 130),
  (887, 29),
  (887, 151),
  (887, 130),
  (888, 234),
  (889, 235),
  (890, 46),
  (891, 39),
  (892, 260),
  (893, 102),
  (894, 262),
  (895, 263),
  (896, 264),
  (897, 265),
  (898, 127),
  (10001, 46),
  (10002, 46),
  (10003, 46),
  (10004, 107),
  (10004, 142),
  (10005, 107),
  (10005, 142),
  (10006, 32),
  (10007, 26),
  (10008, 26),
  (10009, 26),
  (10010, 26),
  (10011, 26),
  (10012, 26),
  (10013, 59),
  (10014, 59),
  (10015, 59),
  (10016, 69),
  (10016, 91),
  (10016, 104),
  (10017, 125),
  (10017, 161),
  (10018, 32),
  (10019, 144),
  (10020, 10),
  (10021, 22),
  (10022, 164),
  (10023, 163),
  (10024, 154),
  (10025, 51),
  (10025, 151),
  (10025, 172),
  (10026, 176),
  (10027, 53),
  (10027, 119),
  (10027, 15),
  (10028, 53),
  (10028, 119),
  (10028, 15),
  (10029, 53),
  (10029, 119),
  (10029, 15),
  (10030, 53),
  (10030, 119),
  (10030, 15),
  (10031, 53),
  (10031, 119),
  (10031, 15),
  (10032, 53),
  (10032, 119),
  (10032, 15),
  (10033, 47),
  (10034, 181),
  (10035, 70),
  (10036, 178),
  (10037, 36),
  (10038, 23),
  (10039, 185),
  (10040, 184),
  (10041, 104),
  (10042, 181),
  (10043, 80),
  (10044, 15),
  (10045, 104),
  (10046, 101),
  (10047, 92),
  (10048, 94),
  (10049, 45),
  (10050, 3),
  (10051, 182),
  (10052, 37),
  (10053, 111),
  (10054, 74),
  (10055, 22),
  (10056, 158),
  (10057, 156),
  (10058, 159),
  (10059, 91),
  (10060, 117),
  (10061, 166),
  (10061, 180),
  (10062, 26),
  (10063, 26),
  (10064, 33),
  (10065, 31),
  (10066, 156),
  (10067, 182),
  (10068, 39),
  (10069, 131),
  (10070, 173),
  (10071, 75),
  (10072, 159),
  (10073, 99),
  (10074, 174),
  (10075, 156),
  (10076, 181),
  (10077, 189),
  (10078, 190),
  (10079, 191),
  (10080, 9),
  (10080, 31),
  (10081, 9),
  (10081, 31),
  (10082, 9),
  (10082, 31),
  (10083, 9),
  (10083, 31),
  (10084, 9),
  (10084, 31),
  (10085, 9),
  (10085, 31),
  (10086, 170),
  (10087, 125),
  (10088, 113),
  (10089, 184),
  (10090, 91),
  (10091, 82),
  (10091, 55),
  (10091, 47),
  (10092, 82),
  (10092, 55),
  (10092, 47),
  (10093, 82),
  (10093, 55),
  (10093, 47),
  (10094, 9),
  (10094, 31),
  (10095, 9),
  (10095, 31),
  (10096, 9),
  (10096, 31),
  (10097, 9),
  (10097, 31),
  (10098, 9),
  (10098, 31),
  (10099, 9),
  (10099, 31),
  (10100, 207),
  (10101, 81),
  (10101, 202),
  (10102, 81),
  (10102, 202),
  (10103, 81),
  (10103, 117),
  (10104, 81),
  (10104, 117),
  (10105, 8),
  (10105, 221),
  (10105, 159),
  (10106, 8),
  (10106, 221),
  (10106, 159),
  (10107, 53),
  (10107, 101),
  (10107, 155),
  (10108, 169),
  (10108, 101),
  (10108, 155),
  (10109, 42),
  (10109, 5),
  (10109, 206),
  (10110, 42),
  (10110, 5),
  (10110, 206),
  (10111, 42),
  (10111, 5),
  (10111, 206),
  (10112, 143),
  (10112, 82),
  (10112, 223),
  (10113, 143),
  (10113, 82),
  (10113, 223),
  (10114, 119),
  (10114, 139),
  (10115, 130),
  (10115, 31),
  (10115, 69),
  (10116, 210),
  (10117, 210),
  (10118, 211),
  (10119, 211),
  (10120, 211),
  (10121, 198),
  (10121, 173),
  (10121, 91),
  (10122, 26),
  (10123, 216),
  (10124, 216),
  (10125, 216),
  (10126, 51),
  (10126, 72),
  (10126, 99),
  (10127, 208),
  (10128, 102),
  (10128, 126),
  (10129, 212),
  (10129, 12),
  (10130, 197),
  (10131, 197),
  (10132, 197),
  (10133, 197),
  (10134, 197),
  (10135, 197),
  (10136, 197),
  (10137, 197),
  (10138, 197),
  (10139, 197),
  (10140, 197),
  (10141, 197),
  (10142, 197),
  (10143, 209),
  (10144, 209),
  (10145, 209),
  (10146, 171),
  (10146, 43),
  (10146, 142),
  (10147, 220),
  (10148, 9),
  (10148, 31),
  (10149, 130),
  (10149, 31),
  (10149, 69),
  (10150, 118),
  (10150, 19),
  (10150, 175),
  (10151, 20),
  (10152, 181),
  (10153, 199),
  (10153, 11),
  (10154, 160),
  (10154, 31),
  (10154, 5),
  (10155, 232),
  (10156, 232),
  (10157, 233),
  (10158, 9),
  (10158, 31),
  (10159, 50),
  (10159, 91),
  (10159, 107),
  (10160, 9),
  (10160, 31),
  (10161, 53),
  (10161, 181),
  (10161, 127),
  (10162, 50),
  (10162, 257),
  (10162, 107),
  (10163, 50),
  (10163, 257),
  (10163, 107),
  (10164, 82),
  (10164, 20),
  (10164, 144),
  (10165, 259),
  (10165, 20),
  (10165, 144),
  (10166, 80),
  (10166, 113),
  (10167, 26),
  (10167, 256),
  (10167, 228),
  (10168, 72),
  (10168, 251),
  (10168, 115),
  (10169, 172),
  (10170, 128),
  (10171, 201),
  (10172, 261),
  (10172, 20),
  (10172, 144),
  (10173, 133),
  (10173, 130),
  (10174, 53),
  (10174, 82),
  (10174, 95),
  (10175, 53),
  (10175, 82),
  (10175, 95),
  (10176, 55),
  (10176, 39),
  (10177, 255),
  (10177, 161),
  (10178, 255),
  (10178, 161),
  (10179, 254),
  (10180, 250),
  (10181, 188),
  (10182, 241),
  (10183, 241),
  (10184, 244),
  (10184, 58),
  (10184, 101),
  (10185, 248),
  (10186, 20),
  (10186, 28),
  (10186, 227),
  (10187, 258),
  (10188, 234),
  (10189, 235),
  (10190, 46),
  (10191, 260),
  (10192, 102),
  (10193, 266),
  (10194, 267),
  (10195, 65),
  (10195, 34),
  (10196, 66),
  (10196, 94),
  (10197, 67),
  (10197, 44),
  (10198, 14),
  (10198, 110),
  (10199, 9),
  (10199, 31),
  (10200, 53),
  (10200, 101),
  (10200, 127),
  (10201, 62),
  (10201, 99),
  (10201, 80),
  (10202, 130),
  (10203, 52),
  (10203, 75),
  (10203, 125),
  (10204, 11),
  (10204, 75),
  (10204, 93),
  (10205, 50),
  (10205, 91),
  (10205, 107),
  (10206, 17),
  (10206, 47),
  (10206, 82),
  (10207, 1),
  (10207, 133),
  (10207, 106),
  (10208, 89),
  (10209, 65),
  (10209, 229),
  (10210, 66),
  (10210, 236),
  (10211, 67),
  (10211, 97),
  (10212, 46),
  (10212, 127),
  (10212, 240),
  (10213, 68),
  (10213, 119),
  (10213, 140),
  (10214, 173),
  (10214, 75),
  (10214, 33),
  (10215, 243),
  (10215, 49),
  (10215, 18),
  (10216, 247),
  (10216, 82),
  (10216, 55),
  (10217, 247),
  (10217, 82),
  (10217, 47),
  (10218, 245),
  (10218, 61),
  (10218, 8),
  (10219, 244),
  (10219, 57),
  (10219, 101),
  (10220, 18),
  (10220, 73),
  (10220, 49),
  (10221, 131),
  (10221, 107),
  (10221, 156),
  (10222, 158),
  (10222, 119),
  (10222, 124),
  (10223, 175),
  (10223, 165),
  (10224, 125),
  (10224, 134),
  (10225, 135),
  (10225, 134),
  (10225, 242),
  (10226, 260),
  (10227, 260),
  (10228, 244),
  (10228, 58),
  (10228, 101)
;
